-- phpMyAdmin SQL Dump
-- version 4.5.4.1deb2ubuntu2.1
-- http://www.phpmyadmin.net
--
-- Host: localhost
-- Generation Time: Nov 21, 2018 at 11:30 PM
-- Server version: 5.7.24-0ubuntu0.16.04.1
-- PHP Version: 7.0.32-0ubuntu0.16.04.1

SET SQL_MODE = "NO_AUTO_VALUE_ON_ZERO";
SET time_zone = "+00:00";


/*!40101 SET @OLD_CHARACTER_SET_CLIENT=@@CHARACTER_SET_CLIENT */;
/*!40101 SET @OLD_CHARACTER_SET_RESULTS=@@CHARACTER_SET_RESULTS */;
/*!40101 SET @OLD_COLLATION_CONNECTION=@@COLLATION_CONNECTION */;
/*!40101 SET NAMES utf8mb4 */;

--
-- Database: `kiitfest18`
--

-- --------------------------------------------------------

--
-- Table structure for table `auth_group`
--

CREATE TABLE `auth_group` (
  `id` int(11) NOT NULL,
  `name` varchar(80) NOT NULL
) ENGINE=InnoDB DEFAULT CHARSET=utf8mb4;

--
-- Dumping data for table `auth_group`
--

INSERT INTO `auth_group` (`id`, `name`) VALUES
(1, 'Participant');

-- --------------------------------------------------------

--
-- Table structure for table `auth_group_permissions`
--

CREATE TABLE `auth_group_permissions` (
  `id` int(11) NOT NULL,
  `group_id` int(11) NOT NULL,
  `permission_id` int(11) NOT NULL
) ENGINE=InnoDB DEFAULT CHARSET=utf8mb4;

--
-- Dumping data for table `auth_group_permissions`
--

INSERT INTO `auth_group_permissions` (`id`, `group_id`, `permission_id`) VALUES
(4, 1, 28),
(5, 1, 29),
(1, 1, 32),
(2, 1, 33),
(3, 1, 36);

-- --------------------------------------------------------

--
-- Table structure for table `auth_permission`
--

CREATE TABLE `auth_permission` (
  `id` int(11) NOT NULL,
  `name` varchar(255) NOT NULL,
  `content_type_id` int(11) NOT NULL,
  `codename` varchar(100) NOT NULL
) ENGINE=InnoDB DEFAULT CHARSET=utf8mb4;

--
-- Dumping data for table `auth_permission`
--

INSERT INTO `auth_permission` (`id`, `name`, `content_type_id`, `codename`) VALUES
(1, 'Can add log entry', 1, 'add_logentry'),
(2, 'Can change log entry', 1, 'change_logentry'),
(3, 'Can delete log entry', 1, 'delete_logentry'),
(4, 'Can view log entry', 1, 'view_logentry'),
(5, 'Can add permission', 2, 'add_permission'),
(6, 'Can change permission', 2, 'change_permission'),
(7, 'Can delete permission', 2, 'delete_permission'),
(8, 'Can view permission', 2, 'view_permission'),
(9, 'Can add group', 3, 'add_group'),
(10, 'Can change group', 3, 'change_group'),
(11, 'Can delete group', 3, 'delete_group'),
(12, 'Can view group', 3, 'view_group'),
(13, 'Can add user', 4, 'add_user'),
(14, 'Can change user', 4, 'change_user'),
(15, 'Can delete user', 4, 'delete_user'),
(16, 'Can view user', 4, 'view_user'),
(17, 'Can add content type', 5, 'add_contenttype'),
(18, 'Can change content type', 5, 'change_contenttype'),
(19, 'Can delete content type', 5, 'delete_contenttype'),
(20, 'Can view content type', 5, 'view_contenttype'),
(21, 'Can add session', 6, 'add_session'),
(22, 'Can change session', 6, 'change_session'),
(23, 'Can delete session', 6, 'delete_session'),
(24, 'Can view session', 6, 'view_session'),
(25, 'Can add school', 7, 'add_school'),
(26, 'Can change school', 7, 'change_school'),
(27, 'Can delete school', 7, 'delete_school'),
(28, 'Can view school', 7, 'view_school'),
(29, 'Can add event', 8, 'add_event'),
(30, 'Can change event', 8, 'change_event'),
(31, 'Can delete event', 8, 'delete_event'),
(32, 'Can view event', 8, 'view_event'),
(33, 'Can add participant', 9, 'add_participant'),
(34, 'Can change participant', 9, 'change_participant'),
(35, 'Can delete participant', 9, 'delete_participant'),
(36, 'Can view participant', 9, 'view_participant');

-- --------------------------------------------------------

--
-- Table structure for table `auth_user`
--

CREATE TABLE `auth_user` (
  `id` int(11) NOT NULL,
  `password` varchar(128) NOT NULL,
  `last_login` datetime(6) DEFAULT NULL,
  `is_superuser` tinyint(1) NOT NULL,
  `username` varchar(150) NOT NULL,
  `first_name` varchar(30) DEFAULT NULL,
  `last_name` varchar(150) DEFAULT NULL,
  `email` varchar(254) DEFAULT NULL,
  `is_staff` tinyint(1) NOT NULL,
  `is_active` tinyint(1) DEFAULT NULL,
  `date_joined` datetime(6) NOT NULL
) ENGINE=InnoDB DEFAULT CHARSET=utf8mb4;

--
-- Dumping data for table `auth_user`
--

INSERT INTO `auth_user` (`id`, `password`, `last_login`, `is_superuser`, `username`, `first_name`, `last_name`, `email`, `is_staff`, `is_active`, `date_joined`) VALUES
(61, 'eea44c069266202e7450b0f3a975cde05873ae82', NULL, 1, 'Suman@123', NULL, NULL, NULL, 1, NULL, '2018-11-15 14:44:09.000000'),
(62, '5979197253cac756600e41be5709c9e7cdd16eb6', NULL, 0, 'somu', NULL, NULL, NULL, 0, NULL, '2018-11-20 22:30:21.000000');

-- --------------------------------------------------------

--
-- Table structure for table `auth_user_groups`
--

CREATE TABLE `auth_user_groups` (
  `id` int(11) NOT NULL,
  `user_id` int(11) NOT NULL,
  `group_id` int(11) NOT NULL
) ENGINE=InnoDB DEFAULT CHARSET=utf8mb4;

--
-- Dumping data for table `auth_user_groups`
--

INSERT INTO `auth_user_groups` (`id`, `user_id`, `group_id`) VALUES
(1, 3, 1),
(2, 13, 1),
(3, 14, 1),
(4, 15, 1),
(5, 16, 1),
(6, 17, 1),
(7, 18, 1),
(8, 19, 1),
(9, 20, 1),
(10, 21, 1),
(11, 22, 1),
(12, 23, 1),
(13, 24, 1),
(14, 25, 1),
(15, 26, 1),
(16, 27, 1),
(17, 28, 1),
(18, 29, 1),
(19, 30, 1),
(20, 31, 1),
(21, 32, 1),
(22, 33, 1),
(23, 34, 1),
(24, 35, 1),
(25, 36, 1),
(26, 37, 1),
(27, 38, 1),
(28, 39, 1),
(29, 40, 1),
(30, 41, 1),
(31, 42, 1),
(32, 43, 1),
(33, 44, 1),
(34, 45, 1),
(35, 46, 1),
(36, 47, 1),
(37, 48, 1),
(38, 49, 1),
(39, 50, 1),
(40, 51, 1),
(41, 52, 1),
(42, 53, 1),
(43, 54, 1),
(44, 55, 1),
(45, 56, 1),
(46, 57, 1),
(47, 58, 1),
(48, 59, 1),
(49, 60, 1),
(50, 61, 1),
(51, 62, 1),
(52, 63, 1),
(53, 64, 1),
(54, 65, 1),
(55, 66, 1),
(56, 67, 1),
(57, 68, 1),
(58, 69, 1),
(59, 70, 1),
(60, 71, 1),
(61, 72, 1),
(62, 73, 1),
(63, 74, 1),
(64, 75, 1),
(65, 76, 1),
(66, 77, 1),
(67, 78, 1),
(68, 79, 1),
(69, 80, 1),
(70, 81, 1),
(71, 82, 1),
(72, 83, 1),
(73, 84, 1),
(74, 85, 1),
(75, 86, 1),
(76, 87, 1),
(77, 88, 1),
(78, 89, 1),
(79, 90, 1),
(80, 91, 1),
(81, 92, 1),
(82, 93, 1),
(83, 94, 1),
(84, 95, 1),
(85, 96, 1),
(86, 97, 1),
(87, 98, 1),
(88, 99, 1),
(89, 100, 1),
(90, 101, 1),
(91, 102, 1),
(92, 103, 1),
(93, 104, 1),
(94, 105, 1),
(95, 106, 1),
(96, 107, 1),
(97, 108, 1),
(98, 109, 1),
(99, 110, 1),
(100, 111, 1),
(101, 112, 1),
(102, 113, 1),
(103, 114, 1),
(104, 115, 1),
(105, 116, 1),
(106, 117, 1),
(107, 118, 1),
(108, 119, 1),
(109, 120, 1),
(110, 121, 1),
(111, 122, 1),
(112, 123, 1),
(113, 124, 1),
(114, 125, 1),
(115, 126, 1),
(116, 127, 1),
(117, 128, 1),
(118, 129, 1),
(119, 130, 1),
(120, 131, 1),
(121, 132, 1),
(122, 133, 1),
(123, 134, 1),
(124, 135, 1),
(125, 136, 1),
(126, 137, 1),
(127, 138, 1),
(128, 139, 1),
(129, 140, 1),
(130, 141, 1),
(131, 142, 1),
(132, 143, 1),
(133, 144, 1),
(134, 145, 1),
(135, 146, 1),
(136, 147, 1),
(137, 148, 1),
(138, 149, 1),
(139, 150, 1),
(140, 151, 1),
(141, 152, 1),
(142, 153, 1),
(143, 154, 1),
(144, 155, 1),
(145, 156, 1),
(146, 157, 1),
(147, 158, 1),
(148, 159, 1),
(149, 160, 1),
(150, 161, 1),
(151, 162, 1),
(152, 163, 1),
(153, 164, 1),
(154, 165, 1),
(155, 166, 1),
(156, 167, 1),
(157, 168, 1),
(158, 169, 1),
(159, 170, 1),
(160, 171, 1),
(161, 172, 1),
(162, 173, 1),
(163, 174, 1),
(164, 175, 1),
(165, 176, 1),
(166, 177, 1),
(167, 178, 1),
(168, 179, 1),
(169, 180, 1),
(170, 181, 1),
(171, 182, 1),
(172, 183, 1),
(173, 184, 1),
(174, 185, 1),
(175, 186, 1),
(176, 187, 1),
(177, 188, 1),
(178, 189, 1),
(179, 190, 1),
(180, 191, 1),
(181, 192, 1),
(182, 193, 1),
(183, 194, 1),
(184, 195, 1);

-- --------------------------------------------------------

--
-- Table structure for table `auth_user_user_permissions`
--

CREATE TABLE `auth_user_user_permissions` (
  `id` int(11) NOT NULL,
  `user_id` int(11) NOT NULL,
  `permission_id` int(11) NOT NULL
) ENGINE=InnoDB DEFAULT CHARSET=utf8mb4;

--
-- Dumping data for table `auth_user_user_permissions`
--

INSERT INTO `auth_user_user_permissions` (`id`, `user_id`, `permission_id`) VALUES
(1, 21, 1),
(2, 21, 2),
(3, 21, 3),
(4, 21, 4),
(5, 21, 5),
(6, 21, 6),
(7, 21, 7),
(8, 21, 8),
(9, 21, 9),
(10, 21, 10),
(11, 21, 11),
(12, 21, 12),
(13, 21, 13),
(14, 21, 14),
(15, 21, 15),
(16, 21, 16),
(17, 21, 17),
(18, 21, 18),
(19, 21, 19),
(20, 21, 20),
(21, 21, 21),
(22, 21, 22),
(23, 21, 23),
(24, 21, 24),
(25, 21, 25),
(26, 21, 26),
(27, 21, 27),
(28, 21, 28),
(29, 21, 29),
(30, 21, 30),
(31, 21, 31),
(32, 21, 32),
(33, 21, 33),
(34, 21, 34),
(35, 21, 35),
(36, 21, 36),
(37, 187, 1),
(38, 187, 2),
(39, 187, 3),
(40, 187, 4),
(41, 187, 5),
(42, 187, 6),
(43, 187, 7),
(44, 187, 8),
(45, 187, 9),
(46, 187, 10),
(47, 187, 11),
(48, 187, 12),
(49, 187, 13),
(50, 187, 14),
(51, 187, 15),
(52, 187, 16),
(53, 187, 17),
(54, 187, 18),
(55, 187, 19),
(56, 187, 20),
(57, 187, 21),
(58, 187, 22),
(59, 187, 23),
(60, 187, 24),
(61, 187, 25),
(62, 187, 26),
(63, 187, 27),
(64, 187, 28),
(65, 187, 29),
(66, 187, 30),
(67, 187, 31),
(68, 187, 32),
(69, 187, 33),
(70, 187, 34),
(71, 187, 35),
(72, 187, 36);

-- --------------------------------------------------------

--
-- Table structure for table `common_school`
--

CREATE TABLE `common_school` (
  `id` int(11) NOT NULL,
  `name` varchar(100) NOT NULL,
  `user_id` int(11) NOT NULL
) ENGINE=InnoDB DEFAULT CHARSET=utf8mb4;

--
-- Dumping data for table `common_school`
--

INSERT INTO `common_school` (`id`, `name`, `user_id`) VALUES
(1, 'DummySchool', 4),
(2, 'electrifyn', 5),
(3, 'kinesis', 6),
(4, 'ksom', 7),
(5, 'luminaire', 8),
(6, 'mirabilia', 9),
(7, 'nirminite', 10),
(8, 'vidnan', 11),
(9, 'yantriki', 12);

-- --------------------------------------------------------

--
-- Table structure for table `django_admin_log`
--

CREATE TABLE `django_admin_log` (
  `id` int(11) NOT NULL,
  `action_time` datetime(6) NOT NULL,
  `object_id` longtext,
  `object_repr` varchar(200) NOT NULL,
  `action_flag` smallint(5) UNSIGNED NOT NULL,
  `change_message` longtext NOT NULL,
  `content_type_id` int(11) DEFAULT NULL,
  `user_id` int(11) NOT NULL
) ENGINE=InnoDB DEFAULT CHARSET=utf8mb4;

--
-- Dumping data for table `django_admin_log`
--

INSERT INTO `django_admin_log` (`id`, `action_time`, `object_id`, `object_repr`, `action_flag`, `change_message`, `content_type_id`, `user_id`) VALUES
(1, '2018-11-09 14:29:49.257936', '1', 'Participant', 1, '[{"added": {}}]', 3, 1),
(2, '2018-11-09 15:36:45.544925', '1', 'DummySchool', 1, '[{"added": {}}]', 7, 1),
(3, '2018-11-09 15:54:08.817213', '5', 'electrifyn_user', 1, '[{"added": {}}]', 4, 4),
(4, '2018-11-09 15:55:20.702413', '2', 'electrifyn', 1, '[{"added": {}}]', 7, 4),
(5, '2018-11-09 15:56:23.372758', '6', 'kinesis_user', 1, '[{"added": {}}]', 4, 4),
(6, '2018-11-09 15:56:37.196348', '3', 'kinesis', 1, '[{"added": {}}]', 7, 4),
(7, '2018-11-09 15:57:21.740816', '7', 'ksom_user', 1, '[{"added": {}}]', 4, 4),
(8, '2018-11-09 15:57:32.119603', '4', 'ksom', 1, '[{"added": {}}]', 7, 4),
(9, '2018-11-09 15:58:20.221145', '8', 'luminaire_user', 1, '[{"added": {}}]', 4, 4),
(10, '2018-11-09 15:58:29.287298', '5', 'luminaire', 1, '[{"added": {}}]', 7, 4),
(11, '2018-11-09 16:01:19.514997', '9', 'mirabilia_user', 1, '[{"added": {}}]', 4, 4),
(12, '2018-11-09 16:01:30.575350', '6', 'mirabilia', 1, '[{"added": {}}]', 7, 4),
(13, '2018-11-09 16:02:36.119696', '10', 'nirminite_user', 1, '[{"added": {}}]', 4, 4),
(14, '2018-11-09 16:02:49.164027', '7', 'nirminite', 1, '[{"added": {}}]', 7, 4),
(15, '2018-11-09 16:03:30.325634', '11', 'vidnan_user', 1, '[{"added": {}}]', 4, 4),
(16, '2018-11-09 16:03:44.208644', '8', 'vidnan', 1, '[{"added": {}}]', 7, 4),
(17, '2018-11-09 16:04:26.041753', '12', 'yantriki_user', 1, '[{"added": {}}]', 4, 4),
(18, '2018-11-09 16:04:34.832314', '9', 'yantriki', 1, '[{"added": {}}]', 7, 4),
(19, '2018-11-09 22:38:59.336311', '8', 'Participant object (8)', 3, '', 9, 1),
(20, '2018-11-09 22:43:39.589751', '10', 'Participant object (10)', 3, '', 9, 1),
(21, '2018-11-10 11:14:58.513916', '12', 'yantriki', 2, '[{"changed": {"fields": ["username"]}}]', 4, 4),
(22, '2018-11-11 08:21:55.509493', '8', 'vidnan', 2, '[]', 7, 2),
(23, '2018-11-12 11:23:56.735813', '21', 'shubham', 2, '[{"changed": {"fields": ["is_staff", "is_superuser", "user_permissions"]}}]', 4, 2),
(24, '2018-11-12 11:24:24.849333', '21', 'shubham', 2, '[]', 4, 2),
(25, '2018-11-12 11:47:46.097447', '136', 'Participant object (136)', 2, '[{"changed": {"fields": ["verified"]}}]', 9, 21),
(26, '2018-11-12 11:48:20.136192', '136', 'Participant object (136)', 2, '[]', 9, 21),
(27, '2018-11-12 11:50:08.680084', '187', 'kshitij', 1, '[{"added": {}}]', 4, 21),
(28, '2018-11-12 11:50:57.558547', '187', 'kshitij', 2, '[{"changed": {"fields": ["first_name", "last_name", "email", "groups", "user_permissions", "last_login"]}}]', 4, 21),
(29, '2018-11-12 11:51:17.407723', '187', 'kshitij', 2, '[]', 4, 21),
(30, '2018-11-12 11:53:36.124127', '187', 'kshitij', 2, '[{"changed": {"fields": ["password"]}}]', 4, 21),
(31, '2018-11-12 11:54:08.185044', '187', 'kshitij', 2, '[{"changed": {"fields": ["is_staff", "is_superuser"]}}]', 4, 21),
(32, '2018-11-12 11:54:30.656242', '187', 'kshitij', 2, '[]', 4, 21);

-- --------------------------------------------------------

--
-- Table structure for table `django_content_type`
--

CREATE TABLE `django_content_type` (
  `id` int(11) NOT NULL,
  `app_label` varchar(100) NOT NULL,
  `model` varchar(100) NOT NULL
) ENGINE=InnoDB DEFAULT CHARSET=utf8mb4;

--
-- Dumping data for table `django_content_type`
--

INSERT INTO `django_content_type` (`id`, `app_label`, `model`) VALUES
(1, 'admin', 'logentry'),
(3, 'auth', 'group'),
(2, 'auth', 'permission'),
(4, 'auth', 'user'),
(7, 'common', 'school'),
(5, 'contenttypes', 'contenttype'),
(8, 'events', 'event'),
(9, 'participants', 'participant'),
(6, 'sessions', 'session');

-- --------------------------------------------------------

--
-- Table structure for table `django_migrations`
--

CREATE TABLE `django_migrations` (
  `id` int(11) NOT NULL,
  `app` varchar(255) NOT NULL,
  `name` varchar(255) NOT NULL,
  `applied` datetime(6) NOT NULL
) ENGINE=InnoDB DEFAULT CHARSET=utf8mb4;

--
-- Dumping data for table `django_migrations`
--

INSERT INTO `django_migrations` (`id`, `app`, `name`, `applied`) VALUES
(1, 'contenttypes', '0001_initial', '2018-11-09 14:22:44.401637'),
(2, 'auth', '0001_initial', '2018-11-09 14:22:59.454397'),
(3, 'admin', '0001_initial', '2018-11-09 14:23:04.369132'),
(4, 'admin', '0002_logentry_remove_auto_add', '2018-11-09 14:23:06.519062'),
(5, 'admin', '0003_logentry_add_action_flag_choices', '2018-11-09 14:23:08.259283'),
(6, 'contenttypes', '0002_remove_content_type_name', '2018-11-09 14:23:11.433998'),
(7, 'auth', '0002_alter_permission_name_max_length', '2018-11-09 14:23:13.279218'),
(8, 'auth', '0003_alter_user_email_max_length', '2018-11-09 14:23:15.119899'),
(9, 'auth', '0004_alter_user_username_opts', '2018-11-09 14:23:16.631570'),
(10, 'auth', '0005_alter_user_last_login_null', '2018-11-09 14:23:18.499019'),
(11, 'auth', '0006_require_contenttypes_0002', '2018-11-09 14:23:20.035118'),
(12, 'auth', '0007_alter_validators_add_error_messages', '2018-11-09 14:23:21.878436'),
(13, 'auth', '0008_alter_user_username_max_length', '2018-11-09 14:23:24.336040'),
(14, 'auth', '0009_alter_user_last_name_max_length', '2018-11-09 14:23:26.082874'),
(15, 'common', '0001_initial', '2018-11-09 14:23:28.847205'),
(16, 'events', '0001_initial', '2018-11-09 14:23:35.057518'),
(17, 'participants', '0001_initial', '2018-11-09 14:23:43.689406'),
(18, 'participants', '0002_participant_payment_complete', '2018-11-09 14:23:46.455923'),
(19, 'sessions', '0001_initial', '2018-11-09 14:23:49.442627'),
(20, 'participants', '0003_participant_payment_id', '2018-11-09 17:43:05.533610');

-- --------------------------------------------------------

--
-- Table structure for table `django_session`
--

CREATE TABLE `django_session` (
  `session_key` varchar(40) NOT NULL,
  `session_data` longtext NOT NULL,
  `expire_date` datetime(6) NOT NULL
) ENGINE=InnoDB DEFAULT CHARSET=utf8mb4;

--
-- Dumping data for table `django_session`
--

INSERT INTO `django_session` (`session_key`, `session_data`, `expire_date`) VALUES
('0aa77whr6eebk004ht5q6611c9lzzcvg', 'ZGRiMWZhNGU5OTdmZDQ2OGIwNTY2NmE5MDI0MjZiMTk0NzI5ZWFkZTp7Il9hdXRoX3VzZXJfYmFja2VuZCI6ImRqYW5nby5jb250cmliLmF1dGguYmFja2VuZHMuTW9kZWxCYWNrZW5kIiwiX2F1dGhfdXNlcl9oYXNoIjoiY2VmZDlmNGVmN2UxYjdlYzJkMzI2ZTE3OGJlNzRiZmIzMWIyY2M1MyIsIl9hdXRoX3VzZXJfaWQiOiI2MSJ9', '2018-11-24 09:46:22.690269'),
('0twou1rwh4jouzon2ibdn96gkn9iyhmz', 'ODdhZGE4MDY0NzRjZGZiMjMyMzg4ZWE3NzA2ZTMwMGJkNjhlNGU2Yjp7Il9hdXRoX3VzZXJfYmFja2VuZCI6ImRqYW5nby5jb250cmliLmF1dGguYmFja2VuZHMuTW9kZWxCYWNrZW5kIiwiX2F1dGhfdXNlcl9oYXNoIjoiMzJkNWFlMzk1MDEzODAyMWNlNzFkNDU3MDk2YmI2OTFlNmVkMTg0YiIsIl9hdXRoX3VzZXJfaWQiOiIxMDMifQ==', '2018-11-24 15:41:22.440506'),
('141b06bk5un1216yteqnkshfywug832p', 'NDBmZTU2NmUzZWU1NDRmMjI5NGJmNzU3NzE0N2JkMWYwNWU5ZDk2NTp7Il9hdXRoX3VzZXJfYmFja2VuZCI6ImRqYW5nby5jb250cmliLmF1dGguYmFja2VuZHMuTW9kZWxCYWNrZW5kIiwiX2F1dGhfdXNlcl9oYXNoIjoiZmFkNmI0NjFlNjFjNDc3ZjcyMzEwZmIyMDJhYzM5NDk0MjE0YTE3YyIsIl9hdXRoX3VzZXJfaWQiOiIxMjgifQ==', '2018-11-25 06:47:04.072147'),
('15qlatif84kxpphoc7g2o7caxg4kierx', 'ZjNiOGVhODZjZTU1MTY5MDY2YzZlY2U3YjRjZjE2N2Y0YzVkMzY2Zjp7Il9hdXRoX3VzZXJfYmFja2VuZCI6ImRqYW5nby5jb250cmliLmF1dGguYmFja2VuZHMuTW9kZWxCYWNrZW5kIiwiX2F1dGhfdXNlcl9oYXNoIjoiMDViOTA4N2E4YzAyNmRmMGU4MWU5ZmI3ZTNlZmEwZmZkY2E5ODRiMSIsIl9hdXRoX3VzZXJfaWQiOiI3MyJ9', '2018-11-24 12:23:30.111486'),
('1k8vwlzaekrgwo3or6jr42tngnapluvr', 'NmEyZjE0ZmU5ZGZhZWRmNGU0YTM2OTY0NGU2N2RmNmJjOGNmNDc5Nzp7Il9hdXRoX3VzZXJfaWQiOiIyIiwiX2F1dGhfdXNlcl9iYWNrZW5kIjoiZGphbmdvLmNvbnRyaWIuYXV0aC5iYWNrZW5kcy5Nb2RlbEJhY2tlbmQiLCJfYXV0aF91c2VyX2hhc2giOiI4MzcxZmZiMWU2YjUwZTM0ZWZlNDA1ODUyODllYTEzNzQzM2ViMDViIn0=', '2018-11-26 11:21:30.695195'),
('1n9f84rnsre94r186k3lq7et7n20fhqe', 'NTA0MTI2YmQ3NDFkYTdiYTZiODFlN2Q2Yjk4OWJkZjVlYmYwNGIxZjp7Il9hdXRoX3VzZXJfaGFzaCI6IjgzNzFmZmIxZTZiNTBlMzRlZmU0MDU4NTI4OWVhMTM3NDMzZWIwNWIiLCJfYXV0aF91c2VyX2lkIjoiMiIsIl9hdXRoX3VzZXJfYmFja2VuZCI6ImRqYW5nby5jb250cmliLmF1dGguYmFja2VuZHMuTW9kZWxCYWNrZW5kIn0=', '2018-11-25 08:17:35.607119'),
('1us4xiu99pzid1ri00olpspvso6shx60', 'N2UzY2QzOWU3MjEzNzFmYWI4MzIxMDdhZWRhYzc4ZjhmNGNhZTQ5ZTp7Il9hdXRoX3VzZXJfYmFja2VuZCI6ImRqYW5nby5jb250cmliLmF1dGguYmFja2VuZHMuTW9kZWxCYWNrZW5kIiwiX2F1dGhfdXNlcl9oYXNoIjoiMmJhYjRkZGU5MWRhNjQ0YzE2NjdlOWY4Mjc1YjdiY2E5YjhjOTVmNyIsIl9hdXRoX3VzZXJfaWQiOiI4NiJ9', '2018-11-24 13:45:29.797762'),
('1wtbgnnp4s0dxbmmo3kyz2rx3ml98ign', 'ODlmM2FjMmQ1YzA0ZmI1YjEzMjhiMzU0NDQ3ODc3YTcxOWJjMGRmNTp7Il9hdXRoX3VzZXJfYmFja2VuZCI6ImRqYW5nby5jb250cmliLmF1dGguYmFja2VuZHMuTW9kZWxCYWNrZW5kIiwiX2F1dGhfdXNlcl9oYXNoIjoiMTQ4MDI3ZWY3M2E3MzUzYzM1YzQ0NTBiMzExMTEwNmIyM2YwZTNjMiIsIl9hdXRoX3VzZXJfaWQiOiI3MSJ9', '2018-11-24 11:54:15.272912'),
('1y9nhb1gz3ix2l2pk01c6jw3mkljq4j2', 'MDk5OTE2MjdjNDVlOTc4ZjM3YTkwMDAyY2ViYTFjYjFkNmNjYTJjMzp7Il9hdXRoX3VzZXJfYmFja2VuZCI6ImRqYW5nby5jb250cmliLmF1dGguYmFja2VuZHMuTW9kZWxCYWNrZW5kIiwiX2F1dGhfdXNlcl9oYXNoIjoiNjBlYmRiZTczZjA4MzRhMzUzZGVkMTQxYWE4MDVjMmNjZmQ4MTY3MyIsIl9hdXRoX3VzZXJfaWQiOiI5NSJ9', '2018-11-24 14:58:04.309946'),
('23k11rlgq8t62dpomyi0jnzmgj3on4m4', 'NGIzMjgyM2VmNDc3ZTAyN2YyNjZjMTBmNDg0MzE5YTY2ODMzODQ4Mzp7Il9hdXRoX3VzZXJfYmFja2VuZCI6ImRqYW5nby5jb250cmliLmF1dGguYmFja2VuZHMuTW9kZWxCYWNrZW5kIiwiX2F1dGhfdXNlcl9oYXNoIjoiYmMyYjM3NDYyYmM0OWJiMTVhMWFkMjg3ODM0ZjRjYWFlNDk1NjgzMSIsIl9hdXRoX3VzZXJfaWQiOiI2MCJ9', '2018-11-24 09:45:30.173820'),
('29n69vc4ukswqk3ilj27xag2vdhs7scc', 'ZjhhODNjM2I4ZThkMzhkZjliNjY1ZDMwMTcxZTEyMmQ0Mjk1ZWJhYjp7Il9hdXRoX3VzZXJfYmFja2VuZCI6ImRqYW5nby5jb250cmliLmF1dGguYmFja2VuZHMuTW9kZWxCYWNrZW5kIiwiX2F1dGhfdXNlcl9pZCI6IjE5NSIsIl9hdXRoX3VzZXJfaGFzaCI6IjIzMzk5MmU5MGRmYTNmNDhmMjI3Y2JiM2Q4OTUyNGJmYzAzOGIyYTQifQ==', '2018-11-26 17:14:08.207301'),
('29uubwvtb45igxq0t28qq3ejl9p5we7t', 'NjY0NTFmZDBkMmY0YjExMTExOGEwZGZhNjgzNzNkZjRkMzhhYTJmODp7Il9hdXRoX3VzZXJfaWQiOiIxNjMiLCJfYXV0aF91c2VyX2JhY2tlbmQiOiJkamFuZ28uY29udHJpYi5hdXRoLmJhY2tlbmRzLk1vZGVsQmFja2VuZCIsIl9hdXRoX3VzZXJfaGFzaCI6IjZhODdkMjU2Nzg2MGFiZDg2MjM0ZGYwNDMwNjg0ZjRjZmI5MmM2MTUifQ==', '2018-11-25 17:15:56.852499'),
('2gv97whxu6a89h4flmknxw567fpdr3b8', 'YzYzYjliMmFmNDkyOGQzNzM0ZGEzM2U4ZWQ3MDQwNTM5ZjhjM2ZhZjp7Il9hdXRoX3VzZXJfYmFja2VuZCI6ImRqYW5nby5jb250cmliLmF1dGguYmFja2VuZHMuTW9kZWxCYWNrZW5kIiwiX2F1dGhfdXNlcl9oYXNoIjoiZTljMjNiN2Q5ZmIwMGE3Yzc5M2IyYWEyNTAzZjA1MDMwNDg5ZTU4ZCIsIl9hdXRoX3VzZXJfaWQiOiI0NyJ9', '2018-11-24 08:37:28.926746'),
('2xbmio3bx5bttjwsqa1ys88jh9p8rq50', 'MTc3ZDliNmRjMmY5Y2JhNWJkMDRkMzk4Y2ExYTJjYWM5Yjg3OTQzZDp7Il9hdXRoX3VzZXJfYmFja2VuZCI6ImRqYW5nby5jb250cmliLmF1dGguYmFja2VuZHMuTW9kZWxCYWNrZW5kIiwiX2F1dGhfdXNlcl9oYXNoIjoiZDk5NTcyNjBkZGM3MjFkNmMwOTU2YmQyNTUyNDdmMjYyMzQ0MzM3MCIsIl9hdXRoX3VzZXJfaWQiOiIzOCJ9', '2018-11-24 08:00:33.294442'),
('2zcjwjpwoqlkj4aq2nbsuef60qhvrj30', 'NWRjYjFlYzYwNzU2ZWFiM2ViZWI4YTA2N2Y0OGE5MzM1MWY5N2FiNTp7Il9hdXRoX3VzZXJfYmFja2VuZCI6ImRqYW5nby5jb250cmliLmF1dGguYmFja2VuZHMuTW9kZWxCYWNrZW5kIiwiX2F1dGhfdXNlcl9oYXNoIjoiMzY3OTkwYjcxNDBlNDQ5NmEzZjNmN2QwODQzY2M3MjE1ZDIwNGNkMyIsIl9hdXRoX3VzZXJfaWQiOiI3NyJ9', '2018-11-24 12:46:19.947921'),
('34m2wkgw3przkf2rk5hc5fzl31r18h3h', 'ZDM3YjkyYzU2NDIwNDBkZjYyNDBmZDVkYzcyY2RkOTgwNTM3YjE5NDp7Il9hdXRoX3VzZXJfYmFja2VuZCI6ImRqYW5nby5jb250cmliLmF1dGguYmFja2VuZHMuTW9kZWxCYWNrZW5kIiwiX2F1dGhfdXNlcl9pZCI6IjE5MiIsIl9hdXRoX3VzZXJfaGFzaCI6IjViMjc4MzRkNmJjNmVkMDI5MWFiZWQ3NjZmZGJkMDQ0YzQwN2RlNGUifQ==', '2018-11-26 14:59:43.274507'),
('3e87sl70k9jgnregtz5ukxm6jsvjev0d', 'YWYwOWNkMTYzOGJmODVjZTkwY2Y4ZmM4YzNiNWM4MTU2MzBhNjU5Yzp7Il9hdXRoX3VzZXJfaWQiOiIxNzkiLCJfYXV0aF91c2VyX2JhY2tlbmQiOiJkamFuZ28uY29udHJpYi5hdXRoLmJhY2tlbmRzLk1vZGVsQmFja2VuZCIsIl9hdXRoX3VzZXJfaGFzaCI6IjkzNGE2YTgyMTQ1Zjg0M2Q3OThjMmFmOWIxZjA0MGEzNzI0NmUzOWQifQ==', '2018-11-26 08:00:57.810485'),
('3sqesjq034jufbiqn04hoc35luee5wjk', 'NmEzMmI1MmVkZjdmY2VmNTkyNGZkNjkwOTcyNTMzNjMyNTcxODA4Yjp7Il9hdXRoX3VzZXJfYmFja2VuZCI6ImRqYW5nby5jb250cmliLmF1dGguYmFja2VuZHMuTW9kZWxCYWNrZW5kIiwiX2F1dGhfdXNlcl9oYXNoIjoiNmJmNGJhOGViZjVjNzJlNWU0NWJmMjVlYTYzNDEzNmIyNDIwMTI3NiIsIl9hdXRoX3VzZXJfaWQiOiIxMDEifQ==', '2018-11-24 15:25:32.061063'),
('3tercpm0not557gv7tp688k3u5013d5w', 'ZGZiYmRjNGQ4MTdlZTU4MWFhNTBhZmJhMDI0NmE5NDU0MDIxYTNhMDp7Il9hdXRoX3VzZXJfYmFja2VuZCI6ImRqYW5nby5jb250cmliLmF1dGguYmFja2VuZHMuTW9kZWxCYWNrZW5kIiwiX2F1dGhfdXNlcl9oYXNoIjoiYzI3NTI4YjY2Yzg3ZTVjZjRhYmZkOWY4ZmVlM2QzYjU4YWY5Nzk2NSIsIl9hdXRoX3VzZXJfaWQiOiI4NSJ9', '2018-11-24 13:38:17.186919'),
('3w0en4ahquslyyoaeoqamy6beium7sy1', 'MWQ0NWE1YzE4MWFlMTk3MzI5NjQwM2Q4MTk3MGI0ZjQ0YTY3ZTRjNzp7Il9hdXRoX3VzZXJfYmFja2VuZCI6ImRqYW5nby5jb250cmliLmF1dGguYmFja2VuZHMuTW9kZWxCYWNrZW5kIiwiX2F1dGhfdXNlcl9oYXNoIjoiZWJlYzM4Y2E2MWIwMGQwODkyZmZkZTQ0ZWQxZDM1MWM3ZGI2M2ZhMSIsIl9hdXRoX3VzZXJfaWQiOiIxMjkifQ==', '2018-11-25 06:56:59.430566'),
('3zkzw2216ezzujt12yb5qd5fquasfvke', 'ZjkzYTE0M2RhMGIzZTY0MTBhNWQ2MDIwNThiYzAzYmUxN2UxNmU5ZDp7Il9hdXRoX3VzZXJfaWQiOiIxODMiLCJfYXV0aF91c2VyX2JhY2tlbmQiOiJkamFuZ28uY29udHJpYi5hdXRoLmJhY2tlbmRzLk1vZGVsQmFja2VuZCIsIl9hdXRoX3VzZXJfaGFzaCI6IjkwNDU4MDAwNGFmN2MwM2ZiN2NiMjMyZDRkMjFjMjBhYmI3OWUzZTEifQ==', '2018-11-26 08:17:53.204610'),
('466ch25kpafwizowjbmcs0342k8opgvi', 'YTA2ZWIwNDc5ZWE1YjgxYzRlMzg5NWJkYmM1OWMyM2NmZmZiYjE1Zjp7Il9hdXRoX3VzZXJfYmFja2VuZCI6ImRqYW5nby5jb250cmliLmF1dGguYmFja2VuZHMuTW9kZWxCYWNrZW5kIiwiX2F1dGhfdXNlcl9oYXNoIjoiYTZhYjYwMmU0NTJiNjVjODFiOGU1MzJhYTk2ODM1NmM0NzM1OTM2MSIsIl9hdXRoX3VzZXJfaWQiOiI4OCJ9', '2018-11-24 14:08:50.868826'),
('4gkcwxr2irw1w5i0a10lskh4r9uht3sz', 'MDE5OGY3NGVlNjYwMDBlOGUyNmM2YzQyOTI3ODhmZTk1YmI1OGU5MDp7Il9hdXRoX3VzZXJfYmFja2VuZCI6ImRqYW5nby5jb250cmliLmF1dGguYmFja2VuZHMuTW9kZWxCYWNrZW5kIiwiX2F1dGhfdXNlcl9oYXNoIjoiNjVhYjM3MjZkY2QwNzQyZmMzZjRjZDQwODI5MmY1MDZmN2I0NTUyMyIsIl9hdXRoX3VzZXJfaWQiOiI0MiJ9', '2018-11-24 08:25:03.009511'),
('4hga5e2ki7e0vy6fayie5yqgrz0wuvwm', 'M2EwNDRlYjRiNGVkNDRkZDljOTAzYTQ5YmM1MDhmOGM1N2QwMGM0ZTp7Il9hdXRoX3VzZXJfYmFja2VuZCI6ImRqYW5nby5jb250cmliLmF1dGguYmFja2VuZHMuTW9kZWxCYWNrZW5kIiwiX2F1dGhfdXNlcl9oYXNoIjoiZTFmMjI4ZmI3YTBkZmVlNzM1ZjczY2JjYjEzN2IzYWY2MjM0NzE3ZSIsIl9hdXRoX3VzZXJfaWQiOiIxMTcifQ==', '2018-11-24 19:27:43.353806'),
('4qh6atdbdq99fqfh95w5au0wqnqlhb7t', 'MWEwNGY0N2FlZjllY2VkZjEzMzJlNzI1YzhhM2IwZDE4ZjIzMGNhMjp7Il9hdXRoX3VzZXJfaWQiOiIxNTciLCJfYXV0aF91c2VyX2JhY2tlbmQiOiJkamFuZ28uY29udHJpYi5hdXRoLmJhY2tlbmRzLk1vZGVsQmFja2VuZCIsIl9hdXRoX3VzZXJfaGFzaCI6IjYwZDA0YzNkODJlMGYyZTBkYzBmMzI1ZjM2YmI4ZTc5OTUyYTI5ZDAifQ==', '2018-11-25 15:36:38.476234'),
('5au77dz30glw0cqwcvddvvtlxoxffpy2', 'ZDk1NTFhN2I2ZDE5ZDE1NDgwZGMxNmZjNWViOWM4NWI5MWNiYzI1Yzp7Il9hdXRoX3VzZXJfYmFja2VuZCI6ImRqYW5nby5jb250cmliLmF1dGguYmFja2VuZHMuTW9kZWxCYWNrZW5kIiwiX2F1dGhfdXNlcl9oYXNoIjoiYzZlZjZjMTM2OWEwN2Y5NDYxY2JmMWUyNzUyNjY5ZWJjMmM2ZjczZCIsIl9hdXRoX3VzZXJfaWQiOiIzOSJ9', '2018-11-24 08:07:31.722662'),
('5gf7gguv0tu01ubv1cvm3l91vrhts1ct', 'OWVhNGQ0MDE4NmU2ZGRmZmMwZDE5MTc2YWQxODA1ZTRiMWE2OTdjZjp7Il9hdXRoX3VzZXJfYmFja2VuZCI6ImRqYW5nby5jb250cmliLmF1dGguYmFja2VuZHMuTW9kZWxCYWNrZW5kIiwiX2F1dGhfdXNlcl9oYXNoIjoiMDkzZTYxNWUzYWVkOWE2ZmYwZmEwYjAxNThhZWMyMjdlODgyYjE5MiIsIl9hdXRoX3VzZXJfaWQiOiI3NiJ9', '2018-11-24 12:42:53.857042'),
('5vc8tf0dwxoz8p4c9xf7cuk5pdu70zqq', 'M2M0MDI2NmE5Yzk2NDMxYmUxMmJkZTRhNjRkZmQyNjIzZmFiMjY4MDp7Il9hdXRoX3VzZXJfYmFja2VuZCI6ImRqYW5nby5jb250cmliLmF1dGguYmFja2VuZHMuTW9kZWxCYWNrZW5kIiwiX2F1dGhfdXNlcl9oYXNoIjoiOTY5YmVkNjhkY2QxNjE1YTU1MzgxMzBiMjI0MjZiZmE4ZDVhNTViYSIsIl9hdXRoX3VzZXJfaWQiOiIxOCJ9', '2018-11-23 23:09:52.281544'),
('6p072obdzkf6xq2xzqewrvfcl198lels', 'MDA1MjAzNDg0YWM5MWM2OWVkOWU0ODliNDIzZjNiYjkyODNhNWQwOTp7Il9hdXRoX3VzZXJfYmFja2VuZCI6ImRqYW5nby5jb250cmliLmF1dGguYmFja2VuZHMuTW9kZWxCYWNrZW5kIiwiX2F1dGhfdXNlcl9oYXNoIjoiZDc4NzdmZjAxZGUzMmIzMDc0YmNiNDI0ODVmYzZiZjZmNDZmMTk3YyIsIl9hdXRoX3VzZXJfaWQiOiIxMjMifQ==', '2018-11-25 05:34:48.320627'),
('6zff8b799o1xy14u3z57kmytcw6y3koe', 'MTZkNmNhYmJlMzRlZTM5ZWY2OGFlZThiYWQxYjM0MDNjOTI5MWFmMDp7Il9hdXRoX3VzZXJfYmFja2VuZCI6ImRqYW5nby5jb250cmliLmF1dGguYmFja2VuZHMuTW9kZWxCYWNrZW5kIiwiX2F1dGhfdXNlcl9oYXNoIjoiMDUyOTc0ZmExMWUzMjZhYTkyOTMwNDM1M2IyMTRhYjE3MjNkMDQ5OSIsIl9hdXRoX3VzZXJfaWQiOiIxMDcifQ==', '2018-11-24 16:14:59.859980'),
('6zq7uzl8xrkzs7xo17ou2teyle64lhxy', 'MDI0MjVlNWJkMjAxNzc0N2Y5YzJmNGY0MmI4ZjQyMDA3YTE5ZmJiMDp7Il9hdXRoX3VzZXJfYmFja2VuZCI6ImRqYW5nby5jb250cmliLmF1dGguYmFja2VuZHMuTW9kZWxCYWNrZW5kIiwiX2F1dGhfdXNlcl9pZCI6IjE0MyIsIl9hdXRoX3VzZXJfaGFzaCI6IjE5Yjk2NTI0NTg2OWFjZWIxMjdiY2UxMGQzODQ2ZDlhMzViNzc5YmQifQ==', '2018-11-25 09:55:32.019431'),
('79v606msb9qkzxo74ri8t3p2nleqpoeo', 'MTFkNGIzMDhhODVlMTI3ZGE3YTY2YzFkNjJlNTkzZDRjMzI5NTE4OTp7Il9hdXRoX3VzZXJfYmFja2VuZCI6ImRqYW5nby5jb250cmliLmF1dGguYmFja2VuZHMuTW9kZWxCYWNrZW5kIiwiX2F1dGhfdXNlcl9pZCI6IjE4OSIsIl9hdXRoX3VzZXJfaGFzaCI6Ijc1NWI4ODljMGM0MGYzMzQ3YjllYzJhNDYxZjcyNjkwZDVhYjkxNjMifQ==', '2018-11-26 13:17:53.367733'),
('7wacwf3wj2tzs89d29m413o6i9uj45tk', 'M2Q3ZTU4ZmU1NzQ4MGI3ZjA4NGI0OWVjYWUxNzc1ZjY1ZWYyNzIxZTp7Il9hdXRoX3VzZXJfYmFja2VuZCI6ImRqYW5nby5jb250cmliLmF1dGguYmFja2VuZHMuTW9kZWxCYWNrZW5kIiwiX2F1dGhfdXNlcl9oYXNoIjoiYTFmNGRjOTkzNWM5NzNjODRlYzNjNTVkMjNmMzAyOWFkZjJmNDc5MSIsIl9hdXRoX3VzZXJfaWQiOiIxMTQifQ==', '2018-11-24 19:10:18.881397'),
('7y9zbtx9dm3brcgh95z552jtkcw3pb15', 'MzBlOTMyZDhkODM4MmQ1MjQ0OTQxNGVjMTc0Y2UxM2E5NGYxYzM2ZDp7Il9hdXRoX3VzZXJfaWQiOiIxNzciLCJfYXV0aF91c2VyX2JhY2tlbmQiOiJkamFuZ28uY29udHJpYi5hdXRoLmJhY2tlbmRzLk1vZGVsQmFja2VuZCIsIl9hdXRoX3VzZXJfaGFzaCI6IjQ5NTNhODYxMWQ5YTQ5ZDk3ZTlhZDk5NTUxYzZkYzZkODU0NjI3NzcifQ==', '2018-11-26 06:31:18.559399'),
('7z9b1lbhvhbmdt3f6wabvzvze5gd61z1', 'YzJhMjFlMWVkN2QwNDI0ZGEyZjA0MGY5NWE1ZTY3ZGU3NmY3NWY5OTp7Il9hdXRoX3VzZXJfYmFja2VuZCI6ImRqYW5nby5jb250cmliLmF1dGguYmFja2VuZHMuTW9kZWxCYWNrZW5kIiwiX2F1dGhfdXNlcl9oYXNoIjoiZDkxYTYzZWE3OWNhMGQ1N2E4ODBhZTU2NzhlYTUxMmQzNmFlZmY3MyIsIl9hdXRoX3VzZXJfaWQiOiIxMzEifQ==', '2018-11-25 07:10:45.355558'),
('8ec9vlubx6aokagvv5docxp8g2fztnlx', 'NWRlNWQ5ZjE0M2U0MjZiNWIxNGViY2U2NmY1ODMyMjliMDM2NGM2ZTp7Il9hdXRoX3VzZXJfaWQiOiIxNzQiLCJfYXV0aF91c2VyX2JhY2tlbmQiOiJkamFuZ28uY29udHJpYi5hdXRoLmJhY2tlbmRzLk1vZGVsQmFja2VuZCIsIl9hdXRoX3VzZXJfaGFzaCI6IjgxMzM2YzJjZGM5MWNmNDFhNmNlNWExY2Y4MTJiNmE4NzgwNjJiMDIifQ==', '2018-11-26 05:42:44.808678'),
('8f5p9tulytkh8t3rypyh1l817pmedukq', 'M2Q2YzVlYTRmNWNlZmYzN2VkZTVjMjUyNzU1NjI4OGVhYmM5NDBmNTp7Il9hdXRoX3VzZXJfYmFja2VuZCI6ImRqYW5nby5jb250cmliLmF1dGguYmFja2VuZHMuTW9kZWxCYWNrZW5kIiwiX2F1dGhfdXNlcl9oYXNoIjoiMTg3NTY0NTA1YjNmNzgyZjA5MDFjZWY3YTQzZDc2OTY0ODVjMzYxMSIsIl9hdXRoX3VzZXJfaWQiOiIxMTAifQ==', '2018-11-24 17:16:52.747588'),
('8gi2h8e7r5hupd938w4crshye26yjxzu', 'NDUwZDAwNTliNThmZTI3MGU2M2E2ZjYxZGEwMGRhOTE0YmE2MWI3NTp7Il9hdXRoX3VzZXJfYmFja2VuZCI6ImRqYW5nby5jb250cmliLmF1dGguYmFja2VuZHMuTW9kZWxCYWNrZW5kIiwiX2F1dGhfdXNlcl9oYXNoIjoiZTcwMzY1Zjg5ZjE3YzI5ZDgwMzU5NDI4MjI1YmI0NzZhM2JmZTkzZSIsIl9hdXRoX3VzZXJfaWQiOiI5MiJ9', '2018-11-24 14:48:25.330259'),
('8mr2303d7dynelb1fbpxmqj8qe00yxus', 'NzIwYmZhYjY0M2YwNGQ5MzRmYmQ1ZWMwMjQxMGY5NTY0ZjQwMDg2Zjp7Il9hdXRoX3VzZXJfYmFja2VuZCI6ImRqYW5nby5jb250cmliLmF1dGguYmFja2VuZHMuTW9kZWxCYWNrZW5kIiwiX2F1dGhfdXNlcl9oYXNoIjoiZWM4YzdjZjVkYTA2ZGE4M2IwYmE3ZjFjMTNmNzg4ZDMxZmYzOTI0YSIsIl9hdXRoX3VzZXJfaWQiOiI4OSJ9', '2018-11-24 14:19:09.045675'),
('90vwfaazqy68bw3bsoj08qq7x01j6juv', 'YWYxOTJjNTVkNWVkMjYyYTY0ZGQwNDQ4MDhmYThkMTM0OGJiODdhNjp7Il9hdXRoX3VzZXJfYmFja2VuZCI6ImRqYW5nby5jb250cmliLmF1dGguYmFja2VuZHMuTW9kZWxCYWNrZW5kIiwiX2F1dGhfdXNlcl9oYXNoIjoiYjNjMDNjZTA0ZTJkNDVmOTg0NzZlZjJiNTY5YzkxYmE5YTQ1NTkwYyIsIl9hdXRoX3VzZXJfaWQiOiI3OCJ9', '2018-11-24 12:52:10.939412'),
('99anohub4hjgp9reped85yzn6ys2ixbu', 'YWQ1YjI4YjIxYWM2ZjIwOTgwYjk0Y2ExODljMWQ3ZDBlMzNjZTQ0Mzp7Il9hdXRoX3VzZXJfaWQiOiIxMzUiLCJfYXV0aF91c2VyX2JhY2tlbmQiOiJkamFuZ28uY29udHJpYi5hdXRoLmJhY2tlbmRzLk1vZGVsQmFja2VuZCIsIl9hdXRoX3VzZXJfaGFzaCI6IjYzOTkyYjcxZjNjYjljOWQ0MmZjNmFhNTIwZWI3Y2RjODQ1NTRiNjQifQ==', '2018-11-25 08:20:51.629291'),
('9e2sgxu3i96fe5jjpm3hn557cqdxhu4q', 'NTBlYjBhZTEyYzljNmVlYWVhNWQ1MmYyNGRlYTVlYWExOGRmMzk4Yzp7Il9hdXRoX3VzZXJfYmFja2VuZCI6ImRqYW5nby5jb250cmliLmF1dGguYmFja2VuZHMuTW9kZWxCYWNrZW5kIiwiX2F1dGhfdXNlcl9oYXNoIjoiOTFkNDg4OWM5M2FiNWRjODA1MmU3ZmMwY2U4OTY3MGZkYzg5Y2NjNyIsIl9hdXRoX3VzZXJfaWQiOiIxMTkifQ==', '2018-11-24 21:17:59.541222'),
('9gdhp1qr554u7mpav2f7kfpc0z48avss', 'NzA3MDRiNTI0NWRiNWYwMjk2Nzk0MWY3MDU3NjE4MjJmZWY3ZjdhYTp7Il9hdXRoX3VzZXJfYmFja2VuZCI6ImRqYW5nby5jb250cmliLmF1dGguYmFja2VuZHMuTW9kZWxCYWNrZW5kIiwiX2F1dGhfdXNlcl9oYXNoIjoiNDU1NzJlMWY2NjZiZTFmNGEwNTM0ODUzYWNlZDhjZmIzOWU3YzEyYiIsIl9hdXRoX3VzZXJfaWQiOiI1NyJ9', '2018-11-24 09:15:15.759432'),
('9ln5pj54059welv6ejptvzy8hox2a735', 'OTk0NDM0OWViOTY4ZTVlYWRkNGEzNzg3MzNjNGU0NzMzZTgwY2VlNjp7Il9hdXRoX3VzZXJfaWQiOiIxODYiLCJfYXV0aF91c2VyX2JhY2tlbmQiOiJkamFuZ28uY29udHJpYi5hdXRoLmJhY2tlbmRzLk1vZGVsQmFja2VuZCIsIl9hdXRoX3VzZXJfaGFzaCI6IjFlY2ZiOGVmY2JjODI0YjI4MjM2MDE1Y2NkMGFmNTc0NTUzNTNhOWQifQ==', '2018-11-26 11:10:19.133686'),
('9n9xnsbma7zm6vxj27kq475ry2wvuro8', 'MzhlZDQxZGFjNjA1ZGRmOGFlNWU2YWVkNjc1MzNkZTViZjVlZDExNDp7Il9hdXRoX3VzZXJfaWQiOiIxMzkiLCJfYXV0aF91c2VyX2JhY2tlbmQiOiJkamFuZ28uY29udHJpYi5hdXRoLmJhY2tlbmRzLk1vZGVsQmFja2VuZCIsIl9hdXRoX3VzZXJfaGFzaCI6ImE5NWM2YWU2NTY0ODNmMjNmY2MzNWNjYzg2N2RjOWNlYzhjNjRmMWYifQ==', '2018-11-25 08:40:11.571071'),
('9p8m611isfy1ltx3fwx72c03yyor0abm', 'MjMyZGY5ODVjODY1YTdiZmM3ZjczODU0ZmY5MjgxNWRkYmQ5NTQzNzp7Il9hdXRoX3VzZXJfYmFja2VuZCI6ImRqYW5nby5jb250cmliLmF1dGguYmFja2VuZHMuTW9kZWxCYWNrZW5kIiwiX2F1dGhfdXNlcl9oYXNoIjoiZGRiNmI5NjE5NWE1ZThlMjVhZGIxOThiNjRhNmUzMGU3ZWJkNGNlMCIsIl9hdXRoX3VzZXJfaWQiOiIxMDkifQ==', '2018-11-24 17:10:18.108048'),
('9xtmsmxo7k1adk6wrrzfbur4zup6juhh', 'NDA0YjZiOGYxZjNmZWFhY2E2NTQ3MDJmOTM0YWY5NTg3NDk4OTY5Yzp7Il9hdXRoX3VzZXJfYmFja2VuZCI6ImRqYW5nby5jb250cmliLmF1dGguYmFja2VuZHMuTW9kZWxCYWNrZW5kIiwiX2F1dGhfdXNlcl9oYXNoIjoiNGUzOGZmNWFlMjkzNmM0YzZjY2RjZTFiNWMzN2E3Y2ZjNzQwODcyNyIsIl9hdXRoX3VzZXJfaWQiOiI4NyJ9', '2018-11-24 14:05:33.675211'),
('a0hehusz297083lsb9qrox5ckllezvn0', 'ZjNhOWY0ZWI3ODk4YmE0ZGFiY2NmOTcxMzljYjgyMGI4YWUwOGVmMDp7Il9hdXRoX3VzZXJfYmFja2VuZCI6ImRqYW5nby5jb250cmliLmF1dGguYmFja2VuZHMuTW9kZWxCYWNrZW5kIiwiX2F1dGhfdXNlcl9oYXNoIjoiNzhhOWUwNDJhYTdkZjlkNTliOTkxOTFmMzUxYjM3YTE0YWU4NTRlNiIsIl9hdXRoX3VzZXJfaWQiOiIxOSJ9', '2018-11-24 01:36:03.202538'),
('a6ki5h1hli97833o00ilok20lqmoisbg', 'ZDcyMmViMjM5ZmE0ZmY2NGFmMzU1NmRmMWEzNGJkMDk4MmQ5MjMxZjp7Il9hdXRoX3VzZXJfYmFja2VuZCI6ImRqYW5nby5jb250cmliLmF1dGguYmFja2VuZHMuTW9kZWxCYWNrZW5kIiwiX2F1dGhfdXNlcl9oYXNoIjoiMjg3OTIwNDJiZDEyMzkxODA0NmYxMzM2MTVlM2E5NDU1ZWUyOTA5NCIsIl9hdXRoX3VzZXJfaWQiOiIyOCJ9', '2018-11-24 06:30:19.221729'),
('a987vrsq3ufzjsuo4b3ar8t78uekdrbx', 'NzZhZTM5MGNjOWFlYWM4ZDJjYjVlNzRmMDZjNzgzOWY2MzNkNDMzMjp7Il9hdXRoX3VzZXJfaWQiOiIxNzUiLCJfYXV0aF91c2VyX2JhY2tlbmQiOiJkamFuZ28uY29udHJpYi5hdXRoLmJhY2tlbmRzLk1vZGVsQmFja2VuZCIsIl9hdXRoX3VzZXJfaGFzaCI6IjIyN2U2ZjI3NDlhZDg2ZWYwZjcyZTA4MDRjNTk2OWUyY2FiNzAzMTMifQ==', '2018-11-26 06:01:51.767750'),
('adgn3lc25th7g8p0sa2c80rx0hkjtvos', 'NDYwYmJhZThjOTg0M2ZkNDNmYjlkNjUxOWZhMWM3Y2U5ZTc1YWE4Yjp7Il9hdXRoX3VzZXJfYmFja2VuZCI6ImRqYW5nby5jb250cmliLmF1dGguYmFja2VuZHMuTW9kZWxCYWNrZW5kIiwiX2F1dGhfdXNlcl9oYXNoIjoiZmQ5NTMwOWNiMjYyOGNjNjJlODE3MmQwODYwNTFlNmFjOGFiYTU0MyIsIl9hdXRoX3VzZXJfaWQiOiI1MCJ9', '2018-11-24 08:43:11.641597'),
('asx28k9zn4pzvvhbfcr4l1wqi6807pra', 'Zjk2NmMwZmMxYWM4ZjlkZmYxZTg2Y2Q2ODNhOTI0Yjg5ZDExYjVmNDp7Il9hdXRoX3VzZXJfaWQiOiIxMzYiLCJfYXV0aF91c2VyX2JhY2tlbmQiOiJkamFuZ28uY29udHJpYi5hdXRoLmJhY2tlbmRzLk1vZGVsQmFja2VuZCIsIl9hdXRoX3VzZXJfaGFzaCI6IjBkZmIwYzM5OTRlYzkxMzBlOTZlNDU1NGQ2OWE4MDg2MDlhOGI2MjYifQ==', '2018-11-25 08:22:09.777539'),
('au3z2z8nlzjc4zie6dycmlu32of3tp54', 'OTNmZGY4NmQwZWFiYzI2NmZiM2Q0Zjc3MjI5NGQwMjhkZDhkNWE0Nzp7Il9hdXRoX3VzZXJfYmFja2VuZCI6ImRqYW5nby5jb250cmliLmF1dGguYmFja2VuZHMuTW9kZWxCYWNrZW5kIiwiX2F1dGhfdXNlcl9oYXNoIjoiYWQ0YWI5Nzg0MGMzOWI2NmVhMmM5ZGY0YzM4YzMwZWRhMzg5YjE3OCIsIl9hdXRoX3VzZXJfaWQiOiIxMTUifQ==', '2018-11-24 19:18:19.077326'),
('auazz0l9qqo4h9mxwaatoybfjepnjool', 'ZTllYTIzZGIxZjQwYjA4MzFiZDRlYjgzZGI4MTJiMjFlM2ZkNjc2ODp7Il9hdXRoX3VzZXJfYmFja2VuZCI6ImRqYW5nby5jb250cmliLmF1dGguYmFja2VuZHMuTW9kZWxCYWNrZW5kIiwiX2F1dGhfdXNlcl9oYXNoIjoiODM5Yjc3YmQ3MjlkNDY4MGQ1OGMzNjI3ZTMwNjgyYWYzZjFkMDY2ZSIsIl9hdXRoX3VzZXJfaWQiOiIxMjYifQ==', '2018-11-25 06:41:52.714258'),
('az9n7opa3yrmu4nqhz3zv7f4g5pdjmo5', 'NDFlYmY3OTRjNGEwZWQ5YTgyZGI0ZTEyOGFjNjJmNzY5ZWNiODg5MDp7Il9hdXRoX3VzZXJfaWQiOiIxODUiLCJfYXV0aF91c2VyX2JhY2tlbmQiOiJkamFuZ28uY29udHJpYi5hdXRoLmJhY2tlbmRzLk1vZGVsQmFja2VuZCIsIl9hdXRoX3VzZXJfaGFzaCI6ImZhYjFiMTNjNmE0OGJjYWEwOTAxY2NjNTU2MWY5MjY0NWNmMjIxZTMifQ==', '2018-11-26 09:33:47.329143'),
('b6g1g0kwygv5n93ejwmvkg61zo6fbxsj', 'NDM3ZGVmYWU3YjQxNmZjZmZmMmIzNWE2YWQ5YjZhMWQ0NGQwYjc0Njp7Il9hdXRoX3VzZXJfYmFja2VuZCI6ImRqYW5nby5jb250cmliLmF1dGguYmFja2VuZHMuTW9kZWxCYWNrZW5kIiwiX2F1dGhfdXNlcl9oYXNoIjoiMjFiMTIwNDE5YWU2YjkzMmJhYWRmMzQyMjE3M2U1ZjdiNmQxYjljMiIsIl9hdXRoX3VzZXJfaWQiOiI5MSJ9', '2018-11-24 14:37:07.637421'),
('bblh2cbmjs97izr595gbba5fdkdjlpl1', 'ZGYwMDJhOGUxODMyYzJkZjU1MzlhMjk2ZjY3ZmM3ZTIwYTM3M2IxNjp7Il9hdXRoX3VzZXJfYmFja2VuZCI6ImRqYW5nby5jb250cmliLmF1dGguYmFja2VuZHMuTW9kZWxCYWNrZW5kIiwiX2F1dGhfdXNlcl9pZCI6IjE5MSIsIl9hdXRoX3VzZXJfaGFzaCI6Ijc5OTk5YTA4NGM1YzMwYmRlMjQ0MWQ2ZDdjZjk1ZGMxNDQwNGU3YzkifQ==', '2018-11-26 14:53:29.739429'),
('bem23y1bxhkkmhxuohaogspdblco3v0r', 'MmM0NmIzYjMyOGU5M2RjNWZmZTQ5MjRiOTM2MjcxMjA1ZDg2ZTUzZTp7Il9hdXRoX3VzZXJfYmFja2VuZCI6ImRqYW5nby5jb250cmliLmF1dGguYmFja2VuZHMuTW9kZWxCYWNrZW5kIiwiX2F1dGhfdXNlcl9oYXNoIjoiYTU1MjdjNzBmOWViZTY2ODk0MjE5OWI5NTYyM2M3MTNmMWU0YzZhNiIsIl9hdXRoX3VzZXJfaWQiOiI0MyJ9', '2018-11-24 08:27:19.175465'),
('c1mu4s3onaw0r8dbeeb1hu43pivsv4wn', 'MDlhMDEzM2ZjZjE0YmMwYTg2ZjliZTA4MzM3YjUyZTAzZDA5YzAxMjp7Il9hdXRoX3VzZXJfYmFja2VuZCI6ImRqYW5nby5jb250cmliLmF1dGguYmFja2VuZHMuTW9kZWxCYWNrZW5kIiwiX2F1dGhfdXNlcl9oYXNoIjoiZDE2YjBiZmE0ODE4ODNmZmRiMmVlM2Q2NDA2YjdiMzRmNGI3MzYyZSIsIl9hdXRoX3VzZXJfaWQiOiIxMjIifQ==', '2018-11-25 05:03:36.205985'),
('c6v8vwem7wv8bfaa7n2qhr0yq9qm14le', 'MTU2YjM2MmE3N2Q3YTg1NzhjNjNhZjhjZTRhNzMzMWI4MzhhYTEyODp7Il9hdXRoX3VzZXJfYmFja2VuZCI6ImRqYW5nby5jb250cmliLmF1dGguYmFja2VuZHMuTW9kZWxCYWNrZW5kIiwiX2F1dGhfdXNlcl9oYXNoIjoiMjdlMmVlYzAzZGE0OGM3YjQzODUzMzM2Y2E0NTJlNTMyYzliMjgwNSIsIl9hdXRoX3VzZXJfaWQiOiIyOSJ9', '2018-11-24 06:41:53.939549'),
('chjx7p6fk16fvqlm7cdj5het72l828i8', 'ZDhkOGY4NmIwNGFhMjg4NmNhYmE2NzE3ODA4ZWUyNGU3ZjViZTNjMTp7Il9hdXRoX3VzZXJfaWQiOiIxNTQiLCJfYXV0aF91c2VyX2JhY2tlbmQiOiJkamFuZ28uY29udHJpYi5hdXRoLmJhY2tlbmRzLk1vZGVsQmFja2VuZCIsIl9hdXRoX3VzZXJfaGFzaCI6IjU5MjZhYzc4NzJlMjVmYzM1OWE2NjMyZDQ1M2UwNjc4ODhlOWRmMDkifQ==', '2018-11-25 15:22:19.630611'),
('cm9xg51vif6gwdjinty1zt26mmm7fpyg', 'MjZkNjAzM2MyZjQwNTBkNzlhZWE1MDc5OTA4N2E4ZmQzYTM1OGM0Zjp7Il9hdXRoX3VzZXJfYmFja2VuZCI6ImRqYW5nby5jb250cmliLmF1dGguYmFja2VuZHMuTW9kZWxCYWNrZW5kIiwiX2F1dGhfdXNlcl9oYXNoIjoiMjAxZjUxMjZhY2JlYzBmNDNmYmQ3NDFiMTI0NTMyZjVhNmM3MGVjOCIsIl9hdXRoX3VzZXJfaWQiOiI0MCJ9', '2018-11-24 08:07:45.285674'),
('csluzyx9u40s0341hw4nrvwuyh8l4fgx', 'ZWIyNjA3NWExY2YwODcxNDdhZWE1OTRmY2E5NWQ5MTFmZjgzNjM0Mzp7Il9hdXRoX3VzZXJfaWQiOiIxNTgiLCJfYXV0aF91c2VyX2JhY2tlbmQiOiJkamFuZ28uY29udHJpYi5hdXRoLmJhY2tlbmRzLk1vZGVsQmFja2VuZCIsIl9hdXRoX3VzZXJfaGFzaCI6IjNkNWFkNDM4Yjk4MTMzZmRlYmVjMmQxMjYyNjhhYzcwNmQ2NzYyZWIifQ==', '2018-11-25 15:52:37.093150'),
('cuj4olt2zcf45c1odz79f9adffkp0yb0', 'M2M4NzhhMzFmMjg5NmU1M2NhMjEyNTliZTEwZjkwNTY5YWQ1MmY3Nzp7Il9hdXRoX3VzZXJfYmFja2VuZCI6ImRqYW5nby5jb250cmliLmF1dGguYmFja2VuZHMuTW9kZWxCYWNrZW5kIiwiX2F1dGhfdXNlcl9oYXNoIjoiNmE5YjQ1MmM3NDMzNWJmMDA1M2JlZDA0ZWE4ODNhODk3OWU1NTg1MiIsIl9hdXRoX3VzZXJfaWQiOiIzMyJ9', '2018-11-24 07:39:11.473944'),
('e6h4a2sjb4sevvv6678o5iot8sl6i17t', 'MjI2MWYxMzFhYWYxNzRmZTVjYWUzYzIyNDBkZDRmZmZhOTNlYzExMjp7Il9hdXRoX3VzZXJfYmFja2VuZCI6ImRqYW5nby5jb250cmliLmF1dGguYmFja2VuZHMuTW9kZWxCYWNrZW5kIiwiX2F1dGhfdXNlcl9pZCI6IjE5NCIsIl9hdXRoX3VzZXJfaGFzaCI6IjQ3OTc5MGE4ZjZlZTJmMWIwN2Q0OTU0MjgzZDlkMjJlZTQ2NzdiYzIifQ==', '2018-11-26 16:44:29.442463'),
('eleor4jrzus285ccac6bf40yblsp365c', 'MmMyOWVjMmY1ZjVjMmNhNzZlN2U3YzdkNTc0NzQ0MTk2MTIxZjk2NDp7Il9hdXRoX3VzZXJfYmFja2VuZCI6ImRqYW5nby5jb250cmliLmF1dGguYmFja2VuZHMuTW9kZWxCYWNrZW5kIiwiX2F1dGhfdXNlcl9pZCI6IjE5MyIsIl9hdXRoX3VzZXJfaGFzaCI6IjM2ZTUwMjg0ZTRkMGM0ZWI2MmQ0MjllYmEyOWE4OTk5YjkwMjc0YzMifQ==', '2018-11-26 15:32:33.458581'),
('evditv0wkfqndwtamlxm8n8kg44o2u21', 'ZDUxNjIzYWZlNTFjNzNhOWJjMTNkYjJhNTI3MTA1MTA2NjZkZWVlMzp7Il9hdXRoX3VzZXJfYmFja2VuZCI6ImRqYW5nby5jb250cmliLmF1dGguYmFja2VuZHMuTW9kZWxCYWNrZW5kIiwiX2F1dGhfdXNlcl9pZCI6IjE0OCIsIl9hdXRoX3VzZXJfaGFzaCI6ImQzYmEyNzg1MjcwZTY0NDIxNjYyMDdhZDgzZWQ0NjA0NDQ0ODIxNmUifQ==', '2018-11-25 12:27:40.423785'),
('fd5nudmg8ipt3dkxz7q1vtas244znx4n', 'Y2RkMzU1MThjNjZiYzFhMDY4NDZiZjNhODEyZmExY2UxYzE1YWM4ZDp7Il9hdXRoX3VzZXJfYmFja2VuZCI6ImRqYW5nby5jb250cmliLmF1dGguYmFja2VuZHMuTW9kZWxCYWNrZW5kIiwiX2F1dGhfdXNlcl9oYXNoIjoiZGU4MDcxYTA4MzIwMTJkYjNhMWVkYmJhN2FhYWE0N2ZiOTYwMGZhNCIsIl9hdXRoX3VzZXJfaWQiOiI4NCJ9', '2018-11-24 13:32:27.304368'),
('fjgjelvin9koncxvppasf74xwcg66dzg', 'ZjgyZTJhZDNiMjI5NTY2YTM0MzA4NzZiOWQzNjc2MWIxMmQ0NzgwNDp7Il9hdXRoX3VzZXJfYmFja2VuZCI6ImRqYW5nby5jb250cmliLmF1dGguYmFja2VuZHMuTW9kZWxCYWNrZW5kIiwiX2F1dGhfdXNlcl9oYXNoIjoiNWMyZjdjZjg0Njc5MjZlYzlmMmNlZTA1MTRlZTAwZjk1MzAzODI1NSIsIl9hdXRoX3VzZXJfaWQiOiIzMCJ9', '2018-11-24 07:04:20.435161'),
('fuvxkhms96cd61izbodli15q9yzq4j7u', 'NjczZThhNzA2YmU5ZTYyNmI3NzkzMTJjNTEzYTU5NDIxMzM1ZTI5Yzp7Il9hdXRoX3VzZXJfYmFja2VuZCI6ImRqYW5nby5jb250cmliLmF1dGguYmFja2VuZHMuTW9kZWxCYWNrZW5kIiwiX2F1dGhfdXNlcl9oYXNoIjoiMGU0MjZjZmNmNTY5ODVhYzBkODhhOTIwMjVkODZiYTVjODI3NWQwYyIsIl9hdXRoX3VzZXJfaWQiOiI5OSJ9', '2018-11-24 15:21:14.051837'),
('g0sl5lb2ad2w1c2zeivxwnb3zv9xrx8t', 'YzNjN2NiYjdjMGUxZDQ1ZTQyM2I0N2RlOTQ2MGZhNDYyN2NhNDg2NTp7Il9hdXRoX3VzZXJfYmFja2VuZCI6ImRqYW5nby5jb250cmliLmF1dGguYmFja2VuZHMuTW9kZWxCYWNrZW5kIiwiX2F1dGhfdXNlcl9oYXNoIjoiYjcwZmM4OWZkM2ZkZTNmZWI4NzNkMTNlODFlNjM2NTc3YmRjZWI3MCIsIl9hdXRoX3VzZXJfaWQiOiIyNCJ9', '2018-11-24 04:57:48.012629'),
('g27zsvi59pjndtyk1xj78f8vozhe22vf', 'NmE4YmU5YzRlNWFlNzgxZTA0Y2I5ZjI1NDFhNGQwYWI5MzRmNzRjYTp7Il9hdXRoX3VzZXJfaWQiOiIxNiIsIl9hdXRoX3VzZXJfYmFja2VuZCI6ImRqYW5nby5jb250cmliLmF1dGguYmFja2VuZHMuTW9kZWxCYWNrZW5kIiwiX2F1dGhfdXNlcl9oYXNoIjoiZjAyMzhmYTc1MzY3ZGUwMjQxZjIyMmM5Njk5Mzg2ZWU3MDUzMzA4NCJ9', '2018-11-23 22:26:14.624662'),
('gen9i93x6ctsrxo1ly9xk72c21d6ydn3', 'NmVhNGU2YTRjN2I0ZDgzMmJiMzcyNjVhYmYwZDA4ZThiZjU0YWMyNjp7Il9hdXRoX3VzZXJfaWQiOiIxNTYiLCJfYXV0aF91c2VyX2JhY2tlbmQiOiJkamFuZ28uY29udHJpYi5hdXRoLmJhY2tlbmRzLk1vZGVsQmFja2VuZCIsIl9hdXRoX3VzZXJfaGFzaCI6IjVlNTA2OWUzYjQwZWM1MjAyNWEyZDI3MjE0NDFkNTI0ODgyNTY1OTkifQ==', '2018-11-25 15:35:10.876230'),
('grdkkmr0blhkrkf8qr1329zamshfs8tw', 'MWE3NzA2YjZjYWVkYmVhZDA5ZTBjMmQ3N2Y4YWEyZWI3MWFlYjQwNDp7Il9hdXRoX3VzZXJfYmFja2VuZCI6ImRqYW5nby5jb250cmliLmF1dGguYmFja2VuZHMuTW9kZWxCYWNrZW5kIiwiX2F1dGhfdXNlcl9oYXNoIjoiZmQ2MzY3MjZkNjNmMTgzMTBkYjgzMjIwM2ZjMjU4MDE3ODU2MWRhMyIsIl9hdXRoX3VzZXJfaWQiOiI2NSJ9', '2018-11-24 10:32:50.521445'),
('guu49nsv5rouuer7jd8wjmb7kmlfclfb', 'YzZmZjNjYTJhZmZiMTg3ZmViODcyZjJlZDE0OGVhNTQyNmZhZjg4Zjp7Il9hdXRoX3VzZXJfYmFja2VuZCI6ImRqYW5nby5jb250cmliLmF1dGguYmFja2VuZHMuTW9kZWxCYWNrZW5kIiwiX2F1dGhfdXNlcl9oYXNoIjoiNTlmN2ExZjZkNjg0NDU0MTc2OGRlYTE5MDJkZGQ2M2M5MTUyZDgzOCIsIl9hdXRoX3VzZXJfaWQiOiIzNSJ9', '2018-11-24 07:55:37.935631'),
('gwi6c9kfehjq0iuyd02b7emr29huwvrg', 'MTBkZjE1ODc2ZjI0ZDQwMGI3MjYxZWJmNWUwMmI2MDE0NjdjMjBhNDp7Il9hdXRoX3VzZXJfYmFja2VuZCI6ImRqYW5nby5jb250cmliLmF1dGguYmFja2VuZHMuTW9kZWxCYWNrZW5kIiwiX2F1dGhfdXNlcl9oYXNoIjoiOGZmMjM0N2IxMjk2ZTQ4NDI4MTRmZWI4ZDU2ZGZkMTJjOTdkMDNmNiIsIl9hdXRoX3VzZXJfaWQiOiI5MyJ9', '2018-11-24 14:56:09.496023'),
('h4076bepuvg86ykcalypqrqeich2r8n7', 'ZjExMzQzMGY5N2YwMDY3OGIxZmJlMDczMjM3OGYzNjRkOTc4MTM2ZDp7Il9hdXRoX3VzZXJfYmFja2VuZCI6ImRqYW5nby5jb250cmliLmF1dGguYmFja2VuZHMuTW9kZWxCYWNrZW5kIiwiX2F1dGhfdXNlcl9oYXNoIjoiNGIyZGFmMWIzZjVjNWE5Yzk2OTU0ZTRmMGQzMWVhY2M1MTk0NDY2MSIsIl9hdXRoX3VzZXJfaWQiOiI4MyJ9', '2018-11-24 13:19:58.255868'),
('hczwouodopbq7krontio3oq9tz234lpw', 'ZDk0ZmRmYzc4YTNiZTdmODgwMDBjYzViYjMzNTA2OGQ5NjgzYmVmYTp7Il9hdXRoX3VzZXJfYmFja2VuZCI6ImRqYW5nby5jb250cmliLmF1dGguYmFja2VuZHMuTW9kZWxCYWNrZW5kIiwiX2F1dGhfdXNlcl9oYXNoIjoiYTI3M2ZmMWUwNThmYjk0NjcxOTg3ZGRjMTY3MGI3ZDU2NThmNTM0NSIsIl9hdXRoX3VzZXJfaWQiOiI4MSJ9', '2018-11-24 12:56:52.342105'),
('hda09j6v2er5j2dwms33npay58dwbaqw', 'ZDRlNjMwMjUxZWNjOGM2OTBiMmRlMDA0ZWVhYzUwNTRmMGM2YWNmZjp7Il9hdXRoX3VzZXJfYmFja2VuZCI6ImRqYW5nby5jb250cmliLmF1dGguYmFja2VuZHMuTW9kZWxCYWNrZW5kIiwiX2F1dGhfdXNlcl9oYXNoIjoiNTgzMzNlY2JiNjZhNWU4ODFjNDc0ZTQ4NjRjMWVmMzIzNjFiY2E5MyIsIl9hdXRoX3VzZXJfaWQiOiIxMDAifQ==', '2018-11-24 15:22:32.093536'),
('humqml9jjcbkoquoba81o87gh8jgjcou', 'ZjEwMDhkODkzMTMwMGY1NTg0N2ExNTkwOTdmZjRiMzYzYjJlMDZiMzp7Il9hdXRoX3VzZXJfYmFja2VuZCI6ImRqYW5nby5jb250cmliLmF1dGguYmFja2VuZHMuTW9kZWxCYWNrZW5kIiwiX2F1dGhfdXNlcl9oYXNoIjoiNjliNjEwNzZjY2EzOTM1ODAyYWEyMjUwOTQzNWMzYjg4YWNhOGFlZSIsIl9hdXRoX3VzZXJfaWQiOiIzNiJ9', '2018-11-24 07:57:29.126694'),
('hzenl5gcgf7bmdu2dstg0uhnvrrr7po1', 'MmUwMTA2NTk3ZmQ0MGJiY2FhOTc4YzRmMGVjN2QyMjZlNzYwMmVkYzp7Il9hdXRoX3VzZXJfaWQiOiI0IiwiX2F1dGhfdXNlcl9iYWNrZW5kIjoiZGphbmdvLmNvbnRyaWIuYXV0aC5iYWNrZW5kcy5Nb2RlbEJhY2tlbmQiLCJfYXV0aF91c2VyX2hhc2giOiJhNWZlOTRhNzc0YmZmZDg1N2QxZGMzNzk4Zjg5MGMyODgxZGQ1ZDM2In0=', '2018-11-23 15:45:23.110952'),
('i3dpgk2v5zfmmnbtz8invi4qgz6xdwq7', 'NDIwMzMyYTY0MTE5YmUyZDM4NmYxN2JiMjNiMDJjNzRmMDRjNmVhYjp7Il9hdXRoX3VzZXJfYmFja2VuZCI6ImRqYW5nby5jb250cmliLmF1dGguYmFja2VuZHMuTW9kZWxCYWNrZW5kIiwiX2F1dGhfdXNlcl9oYXNoIjoiYzM1NzFmOGYyZDkyZDk2ZDQ5MmIxZGQ4YzdmOWM4Yjc4NzYwNTFiZiIsIl9hdXRoX3VzZXJfaWQiOiIxMTEifQ==', '2018-11-24 17:22:52.637910'),
('ieh15fgjovr2i4428xm2qfs05jiii2bl', 'MjdmZmFkMDU4YWQ2NjljZDAzMjQ4OTI3ODY2ZjBiY2M3NTcxYzkzMTp7Il9hdXRoX3VzZXJfYmFja2VuZCI6ImRqYW5nby5jb250cmliLmF1dGguYmFja2VuZHMuTW9kZWxCYWNrZW5kIiwiX2F1dGhfdXNlcl9oYXNoIjoiNmY2YmZhZTg3NWU2NGIwMDhiMjY5YzMzZDVlZDNlMTAyMDA4MjgyNyIsIl9hdXRoX3VzZXJfaWQiOiIxMzIifQ==', '2018-11-25 07:21:21.794363'),
('isn6pjm478s8inxsu2n3js113r1xml2e', 'MDQyZmU2YWUxZGUyNGJjZDMwYzY1OTNiYzBmZjgxZDNjN2E2MzdmNDp7Il9hdXRoX3VzZXJfYmFja2VuZCI6ImRqYW5nby5jb250cmliLmF1dGguYmFja2VuZHMuTW9kZWxCYWNrZW5kIiwiX2F1dGhfdXNlcl9oYXNoIjoiMTUzNDM1ZTQ1OGM5MmIwNDBiOGE5YTAyMWI1NzIwMDU2YTNkY2U5YiIsIl9hdXRoX3VzZXJfaWQiOiIzMSJ9', '2018-11-24 07:05:28.404230'),
('ix0413kq4uonf6ajwuwvsuikt06xv8hv', 'NDg0OWQyNTdlMmRmYzdjM2FhMDMxMDIyNGM2YTVjMWIyNWNjNmQ0YTp7Il9hdXRoX3VzZXJfYmFja2VuZCI6ImRqYW5nby5jb250cmliLmF1dGguYmFja2VuZHMuTW9kZWxCYWNrZW5kIiwiX2F1dGhfdXNlcl9pZCI6IjIxIiwiX2F1dGhfdXNlcl9oYXNoIjoiYWIzMmEzYWVkNWZjMDAxOTAzMWYwMGRiYWU3NzgyY2I3NWFmYTVhMCJ9', '2018-11-26 13:58:43.203052'),
('iy0xf6l0g1tc90cdvrw3q6bnwojhn1xo', 'ZWE3MzMzNjViYjhmMzUzNTZlYWFjOWU1MzVhYTA1ZThmODNjMmY5Zjp7Il9hdXRoX3VzZXJfaWQiOiIxODEiLCJfYXV0aF91c2VyX2JhY2tlbmQiOiJkamFuZ28uY29udHJpYi5hdXRoLmJhY2tlbmRzLk1vZGVsQmFja2VuZCIsIl9hdXRoX3VzZXJfaGFzaCI6IjE5NDdiOWMxNjc0YmE4MjViZjY3NGU1NTE1ZmIxZmZkNjlhZDlhMWQifQ==', '2018-11-26 08:15:12.983568'),
('j0gr9lx70jwcklbg8ot3m0etgvu7p0da', 'MTkxZWI0NWY3NWNhNzE1OGJlMWU0MmUyZDZhZDM0YjcxMTAyMjNkZDp7Il9hdXRoX3VzZXJfYmFja2VuZCI6ImRqYW5nby5jb250cmliLmF1dGguYmFja2VuZHMuTW9kZWxCYWNrZW5kIiwiX2F1dGhfdXNlcl9oYXNoIjoiNTJkOWY0MWMzZGZiODg4ZGQzZGY5NTRlZjM0MTQ2MGIxZWY5MzE5MyIsIl9hdXRoX3VzZXJfaWQiOiI5MCJ9', '2018-11-24 14:32:12.914389'),
('j25xspst7rwwkecw0a2ufndvddd1pnr6', 'MTllYzEzMjBkMDc3NmY4NzZlMWQ3YWVkYjg2NjZmNjRiZTA0ZjU3OTp7Il9hdXRoX3VzZXJfYmFja2VuZCI6ImRqYW5nby5jb250cmliLmF1dGguYmFja2VuZHMuTW9kZWxCYWNrZW5kIiwiX2F1dGhfdXNlcl9oYXNoIjoiZmVmODg1ZjI4ODM3MjY1OTNhN2EzODBjNTc0NzI1OTQ3YjNiOTI2OSIsIl9hdXRoX3VzZXJfaWQiOiI3MiJ9', '2018-11-24 12:13:19.906502'),
('jn36a0az3wcktuku2papqjdoqf9luo21', 'NjIzNDRjYzU5NmQ2NWY3ODdiZTVlYTc0MzU1ODJkYWUwYzMyNTZkODp7Il9hdXRoX3VzZXJfYmFja2VuZCI6ImRqYW5nby5jb250cmliLmF1dGguYmFja2VuZHMuTW9kZWxCYWNrZW5kIiwiX2F1dGhfdXNlcl9pZCI6IjE1MiIsIl9hdXRoX3VzZXJfaGFzaCI6Ijc1MmE4YzU3M2Y2NTk0OGE4MDcwNWRlZmVkODM1OTJhNDc3MjZkZmIifQ==', '2018-11-25 13:31:08.912013'),
('k14fa4mm6bix0jqg2ff9k7rpe8nk02ew', 'ZGE1NGM2ZDMxNTgxMThmOGFkMjEyNWViMmU2Njg2MDA0MzFmMWMzZTp7Il9hdXRoX3VzZXJfYmFja2VuZCI6ImRqYW5nby5jb250cmliLmF1dGguYmFja2VuZHMuTW9kZWxCYWNrZW5kIiwiX2F1dGhfdXNlcl9oYXNoIjoiYTE2MTE4YjUyNzU0MTk3MjQ4M2NiY2I3NWRjYTljOGU1YTg0ZDBjNCIsIl9hdXRoX3VzZXJfaWQiOiIxMDgifQ==', '2018-11-24 17:09:08.306578'),
('k3fa4aackcduy5xmp2pifm53wmraxw1p', 'MjU5NTlmYTA1YzFmMzk5YWE0NmY2MDQ2Y2IxZmY5YjY5YjkwNDg3Mzp7Il9hdXRoX3VzZXJfYmFja2VuZCI6ImRqYW5nby5jb250cmliLmF1dGguYmFja2VuZHMuTW9kZWxCYWNrZW5kIiwiX2F1dGhfdXNlcl9oYXNoIjoiODE0ZTY5M2FhNzYzYTQ5NWEzOThjMzVjMjk2ZjllYjZhYzBhYjMxYyIsIl9hdXRoX3VzZXJfaWQiOiI2MyJ9', '2018-11-24 09:51:48.024905'),
('k4mpoqrojv7vedo6slgssgb1752bt19d', 'YmE2ZGZlNTZlM2MyMTgyNTU2M2VjYWFkM2Y0NGFjNWY4YjRhYWQ2Zjp7Il9hdXRoX3VzZXJfYmFja2VuZCI6ImRqYW5nby5jb250cmliLmF1dGguYmFja2VuZHMuTW9kZWxCYWNrZW5kIiwiX2F1dGhfdXNlcl9oYXNoIjoiOWFhY2MwYTZkYjNhOWI4MDUzZGU5NzM1MjVlNjI4MDlhMTZkMWNmYiIsIl9hdXRoX3VzZXJfaWQiOiIzNCJ9', '2018-11-24 07:44:32.065777'),
('kp285nhb1wuovqgpava1r5n2mj4k2t11', 'ODYyN2Y2MzQ3ZWM1NGFiOTkxYzdjNTk3ZmU2ZTcyYTg1MTNlOGY1OTp7Il9hdXRoX3VzZXJfYmFja2VuZCI6ImRqYW5nby5jb250cmliLmF1dGguYmFja2VuZHMuTW9kZWxCYWNrZW5kIiwiX2F1dGhfdXNlcl9oYXNoIjoiOTQ2N2JkYzhlNzAyODE1ZTFlODhmNmFhYTE1NzFjNDQ0ZTY0MzM3NCIsIl9hdXRoX3VzZXJfaWQiOiI1OCJ9', '2018-11-24 09:37:07.422147'),
('kr28u3t1vpb4ante6emlq2pe4uzfvuv1', 'MjEyMTc4YWI3NzI3YTE4YWM2NTFhNDkyZjYyNzZmMWFjYTFiNzA4YTp7Il9hdXRoX3VzZXJfYmFja2VuZCI6ImRqYW5nby5jb250cmliLmF1dGguYmFja2VuZHMuTW9kZWxCYWNrZW5kIiwiX2F1dGhfdXNlcl9oYXNoIjoiOGJmNGRmMTM3NWI1OGM3NTViNWM3MzJlMWM2MzM0MmI2Y2I1NmU5YSIsIl9hdXRoX3VzZXJfaWQiOiIxMjEifQ==', '2018-11-25 04:51:24.851532'),
('l8sok6a976m83hkk19fb2mmeo9uewbhy', 'NDJkZDNlMTY2NzA1MDA4OWM4NWMyNjcxYWQ0YTNhODA0YWY2NWIwYjp7Il9hdXRoX3VzZXJfYmFja2VuZCI6ImRqYW5nby5jb250cmliLmF1dGguYmFja2VuZHMuTW9kZWxCYWNrZW5kIiwiX2F1dGhfdXNlcl9pZCI6IjE0MSIsIl9hdXRoX3VzZXJfaGFzaCI6IjdhNzRiNWU2OGVkNjViYWFiZGY0NWRiNmM2Nzg5ODkxOTI1NTVjNDQifQ==', '2018-11-25 09:13:35.550920'),
('lj1rzz2msxthd5jub1u5lv957bwwerof', 'NWFkOTVkODBjN2Y4ODM1ZGY2Njc5ODkyZTc4NzQ0MzdiOGFlNGFhYzp7Il9hdXRoX3VzZXJfaWQiOiIxODciLCJfYXV0aF91c2VyX2JhY2tlbmQiOiJkamFuZ28uY29udHJpYi5hdXRoLmJhY2tlbmRzLk1vZGVsQmFja2VuZCIsIl9hdXRoX3VzZXJfaGFzaCI6IjRmMmNmM2NlZmNlOTAwZDVlYWQwNjhhMmI5YTQ1NDJjZDgzYzY0MjIifQ==', '2018-11-26 11:54:58.550552'),
('lp3hrp2y8puupln36ncn2xjwfh8wjjfk', 'MTY1MmVmZjU3Mzc4ODc3NWYzMGNhM2VjMWM4NTNmZDhkYmE1YWJjYjp7Il9hdXRoX3VzZXJfYmFja2VuZCI6ImRqYW5nby5jb250cmliLmF1dGguYmFja2VuZHMuTW9kZWxCYWNrZW5kIiwiX2F1dGhfdXNlcl9oYXNoIjoiYmFiODNjMWQ2NjI2NWY1YThkODE1YmEwNTcxMDkwZTJjZWNhYWFmZSIsIl9hdXRoX3VzZXJfaWQiOiI0OSJ9', '2018-11-24 08:40:24.540637'),
('lx3cf8mfc2mect0qc57g65my12soi8t3', 'Nzk1MTczZmYyZGExOGI2NTExZTkxYjdjNjU4MGMzODMzOWIyMjJlNjp7Il9hdXRoX3VzZXJfaWQiOiIxNjkiLCJfYXV0aF91c2VyX2JhY2tlbmQiOiJkamFuZ28uY29udHJpYi5hdXRoLmJhY2tlbmRzLk1vZGVsQmFja2VuZCIsIl9hdXRoX3VzZXJfaGFzaCI6IjIxYTgzNGE3MWYwZWE1ZTA3NmNjM2ExYTA4ZmI3MTU0ZTA0NDJiNzQifQ==', '2018-11-26 02:54:39.989287'),
('m3830e16lzwgkbfd76lf5ji34fexjij7', 'NzZkY2QzMzhjN2YzODQ4YjJmN2IzNzE1NGYyY2JmNGUzZDYzYWM5ZTp7Il9hdXRoX3VzZXJfaWQiOiIxNzgiLCJfYXV0aF91c2VyX2JhY2tlbmQiOiJkamFuZ28uY29udHJpYi5hdXRoLmJhY2tlbmRzLk1vZGVsQmFja2VuZCIsIl9hdXRoX3VzZXJfaGFzaCI6Ijc1ZjVlNzBjOTM2NTliMTU4MzYyMTc1MTllMTczYmVlMDdkNTdmMjgifQ==', '2018-11-26 07:31:27.596080'),
('mav1datyop7rn25c4gzd5rzeo4sa7q7b', 'MmU0Y2RjZjU0ZDMzNDdlMzA1ZTkyZWNmNmVlMmE2N2FkM2I2MThhZDp7Il9hdXRoX3VzZXJfYmFja2VuZCI6ImRqYW5nby5jb250cmliLmF1dGguYmFja2VuZHMuTW9kZWxCYWNrZW5kIiwiX2F1dGhfdXNlcl9oYXNoIjoiZjg0ZjQ0MGVlZmNhYTc2M2I5YzYzMjk5ODUzMjEyZmE4N2NmMTEzZSIsIl9hdXRoX3VzZXJfaWQiOiI2NyJ9', '2018-11-24 10:52:09.613956'),
('mb96sufyobtz8k58ipmbhbdz9xln2axt', 'ZTNhMDVjODlmYjViODBhMmQ2ZGFmYzgxYjRjNTBlNzYxYjU0MzZlMzp7Il9hdXRoX3VzZXJfYmFja2VuZCI6ImRqYW5nby5jb250cmliLmF1dGguYmFja2VuZHMuTW9kZWxCYWNrZW5kIiwiX2F1dGhfdXNlcl9oYXNoIjoiYTllYTY4NjNiYTk5ZGVmYmY4NWU1NzE4MDMzOGM1ZmQ5ZmM1OGU0ZSIsIl9hdXRoX3VzZXJfaWQiOiIyMCJ9', '2018-11-24 03:47:03.223925'),
('mepknfp1xfyi1knzahqygsyi5bpxg6ai', 'NWQxYmZlOTE2ZGY3ZGUzZDg5NmRlZTk0MTRlNjZlODBmNTA3ZGM5ZTp7Il9hdXRoX3VzZXJfYmFja2VuZCI6ImRqYW5nby5jb250cmliLmF1dGguYmFja2VuZHMuTW9kZWxCYWNrZW5kIiwiX2F1dGhfdXNlcl9oYXNoIjoiNzRhNzIxMTljMzExZTJiYzNmNGUxZTM4NWEwZDE0YWRlZjA5NDllZSIsIl9hdXRoX3VzZXJfaWQiOiIxMTMifQ==', '2018-11-24 18:28:20.083278'),
('mgudm2mq0hmwddnuiyi8o4ykltx9f37o', 'YjAxNjVjNzBkMDljMDNlZWU3M2Q2Y2IyZDgwNTY5YjJlOTIzYjE1MTp7Il9hdXRoX3VzZXJfaWQiOiIzIiwiX2F1dGhfdXNlcl9iYWNrZW5kIjoiZGphbmdvLmNvbnRyaWIuYXV0aC5iYWNrZW5kcy5Nb2RlbEJhY2tlbmQiLCJfYXV0aF91c2VyX2hhc2giOiIyN2Y5NzU3NmRjNjMwMGY2OWIyOGNmNjMyZWM1MjMwNTMyZDk0ZTA5In0=', '2018-11-23 16:07:29.989386'),
('mvt4jxm1n35msxgezk5v38apnl8sedtb', 'MTY1YjAyYzM4ZTNhZTdhYzEyZTRlOTBjNDBjNmRhNDUzNTMyMDM1ODp7Il9hdXRoX3VzZXJfYmFja2VuZCI6ImRqYW5nby5jb250cmliLmF1dGguYmFja2VuZHMuTW9kZWxCYWNrZW5kIiwiX2F1dGhfdXNlcl9oYXNoIjoiYzBmZWVkYzMwN2QzZGVjNzIzZmE1YjA5OTAyZGYxMGIxZTk3OWM5NyIsIl9hdXRoX3VzZXJfaWQiOiI3MCJ9', '2018-11-24 11:47:49.041356'),
('na189574dobgz78g5bvw2pkttzpu8jha', 'YzFlODFjOWRiNDFiNWZlZWE1MzMxNGYzNDg3ZGI0MmVmOTUzOTllODp7Il9hdXRoX3VzZXJfYmFja2VuZCI6ImRqYW5nby5jb250cmliLmF1dGguYmFja2VuZHMuTW9kZWxCYWNrZW5kIiwiX2F1dGhfdXNlcl9pZCI6IjE1MSIsIl9hdXRoX3VzZXJfaGFzaCI6ImQ5OGVjZGMwM2MyOTM3YTM1YjUyMmQ4ODU5ZDc3ZDIxMjAxYzVhZjcifQ==', '2018-11-25 12:57:56.603363'),
('nhnh5imjxw4cw3xd9289pvuam1zo2xil', 'YmM1OGM3OTQ4MTE4MmI2NDFjNzMzMTBjZDZlY2Y4ZmY4MDVhYjFkMjp7Il9hdXRoX3VzZXJfYmFja2VuZCI6ImRqYW5nby5jb250cmliLmF1dGguYmFja2VuZHMuTW9kZWxCYWNrZW5kIiwiX2F1dGhfdXNlcl9oYXNoIjoiOWZlMjgwNThkN2ExM2MyZmQzZWU1NjJiODgyY2FjYTNmMTUwYjk5OSIsIl9hdXRoX3VzZXJfaWQiOiI2OCJ9', '2018-11-24 11:01:45.770292'),
('nngbn3oljza048cbdnv2xa8m13gsaho9', 'ZDU2M2M5NzZjMzAzYzhhZmNkZWU4ZDQ3NTNkMDdkYjY3MzI1ODg4Zjp7Il9hdXRoX3VzZXJfYmFja2VuZCI6ImRqYW5nby5jb250cmliLmF1dGguYmFja2VuZHMuTW9kZWxCYWNrZW5kIiwiX2F1dGhfdXNlcl9oYXNoIjoiZjIyNmEwYjFiNzJlOGM1NWY0MTdlZTY1YjUyYjZhNTBlNTcxMGZiZCIsIl9hdXRoX3VzZXJfaWQiOiI2MiJ9', '2018-11-24 09:46:23.316764'),
('noj94zsuhizig65jzc09hl4fuf9vk0mr', 'NDM0MThkMTUwOWFjNWE4NzQ3MzkyMzEzZDQ1N2RiNWNiYTMzYWUxNDp7Il9hdXRoX3VzZXJfYmFja2VuZCI6ImRqYW5nby5jb250cmliLmF1dGguYmFja2VuZHMuTW9kZWxCYWNrZW5kIiwiX2F1dGhfdXNlcl9oYXNoIjoiYTU2YTRhNGFkZmJmNDgxYzJkYTUwNTgyY2M2ZmJmZjNhODhlMGJjMyIsIl9hdXRoX3VzZXJfaWQiOiIxMDQifQ==', '2018-11-24 15:43:36.184940'),
('nw88z5u7zvp0hfg3qrn1uohcxxkb4rfr', 'YWEwMzhkZjk4NzNhMWUxYWE0ZjBkM2Y2MWI4NjBmOGRmYzdhNDA1ZTp7Il9hdXRoX3VzZXJfYmFja2VuZCI6ImRqYW5nby5jb250cmliLmF1dGguYmFja2VuZHMuTW9kZWxCYWNrZW5kIiwiX2F1dGhfdXNlcl9oYXNoIjoiYzczNDA2NjY4MWVmOTE5NDgyMTlkMGJmMTg2MjRlNjM3YmQ1Y2MzZCIsIl9hdXRoX3VzZXJfaWQiOiI3OSJ9', '2018-11-24 12:52:24.626633'),
('nyb1an55ej3gjfi2bma3kcqlwh7xku6u', 'YTE3YWUxZjUyMTFiNTljMDAzN2RlZDNkNWJkYWMwOGIyZDkxYjVjNTp7Il9hdXRoX3VzZXJfYmFja2VuZCI6ImRqYW5nby5jb250cmliLmF1dGguYmFja2VuZHMuTW9kZWxCYWNrZW5kIiwiX2F1dGhfdXNlcl9oYXNoIjoiOWI3YzNlZGZhMGI5MDJhYTkyNDFlM2IxOTFhYzQxNGVjNWNlZWI4MSIsIl9hdXRoX3VzZXJfaWQiOiI1NiJ9', '2018-11-24 09:15:10.720293'),
('o5zfiflktdjw8gp982fp9a8lnoghfsp6', 'NzdjYmQ2ODFmYzlhMjg1ZmQ3NDA2YTk3MmY2ZDViMzU1ZjQ0MmE2Njp7Il9hdXRoX3VzZXJfYmFja2VuZCI6ImRqYW5nby5jb250cmliLmF1dGguYmFja2VuZHMuTW9kZWxCYWNrZW5kIiwiX2F1dGhfdXNlcl9oYXNoIjoiN2Y1MDYwNDZmMGVkODNmODRiMGYyYWI0Yjk0NzJkNDVmMDIxMTMxZiIsIl9hdXRoX3VzZXJfaWQiOiI4MCJ9', '2018-11-24 12:55:33.786431'),
('o7dql4pjriuzfw4mplch7xvltm945vwz', 'YzkzMjYzNGI1NjI2YmZlMWE1YzIwYmYzNmYyMTFkZDFmOTU1MGQ3ZDp7Il9hdXRoX3VzZXJfaWQiOiIxODQiLCJfYXV0aF91c2VyX2JhY2tlbmQiOiJkamFuZ28uY29udHJpYi5hdXRoLmJhY2tlbmRzLk1vZGVsQmFja2VuZCIsIl9hdXRoX3VzZXJfaGFzaCI6IjQ2MmM4NTgzMmFhZjk1MWFmZGFmYzZhOWNiZjY5ODgwNGM4ZjNhNDEifQ==', '2018-11-26 08:49:09.987666'),
('obl5gt2aoblowy2o3o0usklmicax5p9f', 'OGZlOGFiYjgyMjA4YjExZTkxZWM0NzRmN2Q4NDMzMTI4YjY4Yzc0OTp7Il9hdXRoX3VzZXJfYmFja2VuZCI6ImRqYW5nby5jb250cmliLmF1dGguYmFja2VuZHMuTW9kZWxCYWNrZW5kIiwiX2F1dGhfdXNlcl9oYXNoIjoiNGVjZWJjOTQ2YmJjN2NiMmMwZjI2MjMxZmVhODFmNzVlMDFkNmMzYSIsIl9hdXRoX3VzZXJfaWQiOiI5NCJ9', '2018-11-24 14:57:01.187119'),
('obtgc458fhcca5nstytyafqjhw303a52', 'ZWYzMzYxYWVhNjkyNDFkYzFmM2QxMjVmMDJkODE4YzQ4YzAyZTJmOTp7Il9hdXRoX3VzZXJfYmFja2VuZCI6ImRqYW5nby5jb250cmliLmF1dGguYmFja2VuZHMuTW9kZWxCYWNrZW5kIiwiX2F1dGhfdXNlcl9oYXNoIjoiYTZlMjI4MWFkMDY1ZDllNGNlZGZjNzI1ZmMxNjlmZTBiYjcxMTc0MyIsIl9hdXRoX3VzZXJfaWQiOiIxMjAifQ==', '2018-11-24 21:26:02.025734'),
('oeiebzcu35nlegt66ejttcmnaylwbd3q', 'NGU5MmZmMjMzZjc4NmE4ZDZiZTBiN2E5ZDA0Yjg2ZDlkZDYxMjY3MTp7Il9hdXRoX3VzZXJfYmFja2VuZCI6ImRqYW5nby5jb250cmliLmF1dGguYmFja2VuZHMuTW9kZWxCYWNrZW5kIiwiX2F1dGhfdXNlcl9oYXNoIjoiNzM2ZmUwOTNkYzdhNGJlNzliNjg5YjE5YzMyN2U3NmU3Yzc3ZmQ2NSIsIl9hdXRoX3VzZXJfaWQiOiI3NSJ9', '2018-11-24 12:36:14.296185'),
('ojfmv0m5obnm4fm3muyp3on9e8xr69hf', 'YjAxNjVjNzBkMDljMDNlZWU3M2Q2Y2IyZDgwNTY5YjJlOTIzYjE1MTp7Il9hdXRoX3VzZXJfaWQiOiIzIiwiX2F1dGhfdXNlcl9iYWNrZW5kIjoiZGphbmdvLmNvbnRyaWIuYXV0aC5iYWNrZW5kcy5Nb2RlbEJhY2tlbmQiLCJfYXV0aF91c2VyX2hhc2giOiIyN2Y5NzU3NmRjNjMwMGY2OWIyOGNmNjMyZWM1MjMwNTMyZDk0ZTA5In0=', '2018-11-23 19:23:19.237491'),
('ow0yu5wgj57pcf0j9jou78lvkdvlnkzb', 'MjRmMzdiNGFkMGIyODIxYTc1YjQyMGJjZjY3YzBkYTIzNjYxNWU0Yzp7Il9hdXRoX3VzZXJfYmFja2VuZCI6ImRqYW5nby5jb250cmliLmF1dGguYmFja2VuZHMuTW9kZWxCYWNrZW5kIiwiX2F1dGhfdXNlcl9oYXNoIjoiNTQxODBkZjYwNmM1YWUyYzhiZTdjYzZlNzlmN2M4ZWU4NzhmZGJjOSIsIl9hdXRoX3VzZXJfaWQiOiI2OSJ9', '2018-11-24 11:35:15.818660'),
('p1d8zy8y0yarxzrii8b6hhk64xgh76p3', 'ZjNmZTZlYzE5YTA3OTViZWFhODJkNzE4NGYxOGRhNDNmMzFiMTMwZTp7Il9hdXRoX3VzZXJfYmFja2VuZCI6ImRqYW5nby5jb250cmliLmF1dGguYmFja2VuZHMuTW9kZWxCYWNrZW5kIiwiX2F1dGhfdXNlcl9oYXNoIjoiNmFhMzE3Y2YyYjFmYTgzNDBiMzg3ZDEyNTQ0NGFjNDY4OTk0ODA1ZCIsIl9hdXRoX3VzZXJfaWQiOiIxIn0=', '2018-11-23 22:38:14.577619'),
('p2rmgzlyzqpencus38dh90ize1i74vkr', 'OWE2MGNmYTA3ZWYyNTY3MWQwZDA2MDQ5MDQxYzRjNTMzZjdhYzU5MTp7Il9hdXRoX3VzZXJfYmFja2VuZCI6ImRqYW5nby5jb250cmliLmF1dGguYmFja2VuZHMuTW9kZWxCYWNrZW5kIiwiX2F1dGhfdXNlcl9oYXNoIjoiNzg2ZjllYTRhZGM4MGIwMzM2NWViODEyMGE0MmU5MDUyMjMxNzUzNiIsIl9hdXRoX3VzZXJfaWQiOiI1NCJ9', '2018-11-24 09:01:06.317118'),
('pghkge9k16v8f9o7h9d0jys9anbfd97x', 'MWMxZjdjN2Y5ZGE3NmViMDc0ZDBlY2ZlZDI3NTdlMzUxYTcyYzdlODp7Il9hdXRoX3VzZXJfYmFja2VuZCI6ImRqYW5nby5jb250cmliLmF1dGguYmFja2VuZHMuTW9kZWxCYWNrZW5kIiwiX2F1dGhfdXNlcl9pZCI6IjE1MyIsIl9hdXRoX3VzZXJfaGFzaCI6IjNiMzIwOGRlMjE3N2UyZTVlNjgwNjk3MDhlNGEyNjZmY2NlOTliNjMifQ==', '2018-11-25 13:48:57.580547'),
('pu88972lq1n3j5ke16bw47ef5kcpy0ty', 'MmUwMTA2NTk3ZmQ0MGJiY2FhOTc4YzRmMGVjN2QyMjZlNzYwMmVkYzp7Il9hdXRoX3VzZXJfaWQiOiI0IiwiX2F1dGhfdXNlcl9iYWNrZW5kIjoiZGphbmdvLmNvbnRyaWIuYXV0aC5iYWNrZW5kcy5Nb2RlbEJhY2tlbmQiLCJfYXV0aF91c2VyX2hhc2giOiJhNWZlOTRhNzc0YmZmZDg1N2QxZGMzNzk4Zjg5MGMyODgxZGQ1ZDM2In0=', '2018-11-24 11:13:19.286527'),
('pz3sbue89z349hhbeormgw699inc5t97', 'YTVmMWQyZTQwMmY0NDViMGFhZjliY2FmYzQ3OTJjMDhmNGFjNjQ3NDp7Il9hdXRoX3VzZXJfYmFja2VuZCI6ImRqYW5nby5jb250cmliLmF1dGguYmFja2VuZHMuTW9kZWxCYWNrZW5kIiwiX2F1dGhfdXNlcl9oYXNoIjoiMzA2OTAzNmRhNWY5YzA2YmFlMDZmZjk0ZTIxY2Q5ZmE1OGYwZGNjZiIsIl9hdXRoX3VzZXJfaWQiOiIyNyJ9', '2018-11-24 06:30:06.656195'),
('q26pofwdvj2std72cvm5p2fq3pf5a5bu', 'MWZkNTZkMDdkNTdkMWU2MzYyOWU5NTY3YTE3NDYxMTAwNzg2M2M2NTp7Il9hdXRoX3VzZXJfYmFja2VuZCI6ImRqYW5nby5jb250cmliLmF1dGguYmFja2VuZHMuTW9kZWxCYWNrZW5kIiwiX2F1dGhfdXNlcl9oYXNoIjoiMDdkM2Y5MTUyODdiYmFmYzdkNjk2ZDUxM2I3YWUwOTA1MGMyNDAwZCIsIl9hdXRoX3VzZXJfaWQiOiIxMTYifQ==', '2018-11-24 19:18:59.922638'),
('q63jup6empnuhnsbm1h47pmuzhvmuh2m', 'NGRkZTYxNGJlNTNiMmQwY2NkMzI5ZWYxM2NhODEyZGNmZjczZTc5NTp7Il9hdXRoX3VzZXJfYmFja2VuZCI6ImRqYW5nby5jb250cmliLmF1dGguYmFja2VuZHMuTW9kZWxCYWNrZW5kIiwiX2F1dGhfdXNlcl9oYXNoIjoiZTgzMDU0MzFkZjcwMDg3YjU0ODEyODYxMzU4NDMwZTI1ZmMzMTNhMCIsIl9hdXRoX3VzZXJfaWQiOiI1MiJ9', '2018-11-24 08:57:28.003315'),
('q6q2934mg0xuegyqbce5e4mlzfgdoue6', 'ZWUzOTEzNmUyZTZhMzU4MmE3NTA3NGY5ODQ0MjhlZmY1MjQwZDM5Mjp7Il9hdXRoX3VzZXJfaWQiOiIxNjIiLCJfYXV0aF91c2VyX2JhY2tlbmQiOiJkamFuZ28uY29udHJpYi5hdXRoLmJhY2tlbmRzLk1vZGVsQmFja2VuZCIsIl9hdXRoX3VzZXJfaGFzaCI6Ijg1Zjk0NDM2NDhjNTU3MGQ4ZDQ3ZTA4OTUxMTVlYmRjN2JjODI0NDgifQ==', '2018-11-25 16:49:27.491632'),
('q6ztr7jbps5vhkiambb3g48x6oh48x89', 'ZTM4OGFjNDFlMDIxMGM1NDY3NGIxYzViODI4NDk1NTJjZWVmMDY2Zjp7Il9hdXRoX3VzZXJfYmFja2VuZCI6ImRqYW5nby5jb250cmliLmF1dGguYmFja2VuZHMuTW9kZWxCYWNrZW5kIiwiX2F1dGhfdXNlcl9oYXNoIjoiNDMxM2UzNjM1NmM2ZGY0MTIxNGJiZGZkZWVmYzEyNTUyNWIzNjgyZiIsIl9hdXRoX3VzZXJfaWQiOiIxMDUifQ==', '2018-11-24 16:03:20.777137'),
('qa576dg80n6960zt10lo23kahd46kxx3', 'ZjEwY2JjNDAwYzc2NDQ4Y2QwMTQ5N2FkNGM5NDE3ZmVlMzFkMmRmMjp7Il9hdXRoX3VzZXJfaWQiOiIxNjciLCJfYXV0aF91c2VyX2JhY2tlbmQiOiJkamFuZ28uY29udHJpYi5hdXRoLmJhY2tlbmRzLk1vZGVsQmFja2VuZCIsIl9hdXRoX3VzZXJfaGFzaCI6IjJkYzViZjcxMGIxYWQ3MTlkM2IwM2Q3ODBlNjdjZDVjNTRhYWVhZmIifQ==', '2018-11-25 20:29:47.615446'),
('qcgt0naa9mah9pk67uu5afouge44uqir', 'YmQwMGE3ZDcwNmZiMzU3MjRmODdlZjBlNGU5OTk0ZTM1NGIwZWJlNDp7Il9hdXRoX3VzZXJfYmFja2VuZCI6ImRqYW5nby5jb250cmliLmF1dGguYmFja2VuZHMuTW9kZWxCYWNrZW5kIiwiX2F1dGhfdXNlcl9oYXNoIjoiNjFjNzg3N2E0MmU5YTU1NGQzYTBkMzNmYjllMTc0NjliYWE4NTY0MSIsIl9hdXRoX3VzZXJfaWQiOiIzNyJ9', '2018-11-24 08:00:33.269289'),
('qvazzjkjpxhxa13xpo5xi72tkncpqt3p', 'Y2VhM2MyNjg4ZTlkYzM5MDdjMDA3MzFmMWNlNDk0NTE4YTYyZTUxZDp7Il9hdXRoX3VzZXJfYmFja2VuZCI6ImRqYW5nby5jb250cmliLmF1dGguYmFja2VuZHMuTW9kZWxCYWNrZW5kIiwiX2F1dGhfdXNlcl9pZCI6IjE0MiIsIl9hdXRoX3VzZXJfaGFzaCI6IjJmYjYxMDk5MGMxZmZjYmIwM2E2ZTE3YzM4ODE3Yzc4YmNhZWJlMTkifQ==', '2018-11-25 09:23:36.442563'),
('r0wzgqdnpuzpc0hfpd4m8zjwixu1tvu6', 'MmVhZDg5OTIxZThmOWY5NzI5N2U3ZDkxOTQ0NjQzNmZhZTM5ZjAzNTp7Il9hdXRoX3VzZXJfYmFja2VuZCI6ImRqYW5nby5jb250cmliLmF1dGguYmFja2VuZHMuTW9kZWxCYWNrZW5kIiwiX2F1dGhfdXNlcl9oYXNoIjoiMjc5MzY4OTlmNmRkOTQxYTg4MTUyMDJjMjU1OTIyODVkZjZmN2ZiYSIsIl9hdXRoX3VzZXJfaWQiOiIxMjcifQ==', '2018-11-25 06:42:32.468442'),
('r4g5o34rwpwa8g4ac2zezvlh9nn07q9z', 'NzZmNTFjOWNkNDZmYjcxZjY5ZTcyNjJhODM4ZTZkYmE0NGFhN2ZkMDp7Il9hdXRoX3VzZXJfYmFja2VuZCI6ImRqYW5nby5jb250cmliLmF1dGguYmFja2VuZHMuTW9kZWxCYWNrZW5kIiwiX2F1dGhfdXNlcl9oYXNoIjoiNDg2MmZlZmI2ZmIzZTQ5YmE5OTJjOGRkYTkyNzQ1YWI5NjY5MGZlNyIsIl9hdXRoX3VzZXJfaWQiOiI0OCJ9', '2018-11-24 08:38:05.857317'),
('r6fca9eo4ik24il8ewg7slhyyskmtn5k', 'NzFhNDdhYjJiNGEyMDZkOTUzNTdlY2JhNjE0YzE3ODNhMWIwM2MyMDp7Il9hdXRoX3VzZXJfYmFja2VuZCI6ImRqYW5nby5jb250cmliLmF1dGguYmFja2VuZHMuTW9kZWxCYWNrZW5kIiwiX2F1dGhfdXNlcl9oYXNoIjoiZjRhZDZkMWUwMjE3YjAyMDUyNTFhMjQ0MGE4MTY2NzRjZGFiMTRiYSIsIl9hdXRoX3VzZXJfaWQiOiIxMzQifQ==', '2018-11-25 07:31:16.295547'),
('rcfv2dr5hjgskiq2lgmojpxvk6se003e', 'M2IxNDcyYTczYTdmMTNiNmNmYmU4YWFjYjc3NDM3OTdmMGExZGY1Mjp7Il9hdXRoX3VzZXJfYmFja2VuZCI6ImRqYW5nby5jb250cmliLmF1dGguYmFja2VuZHMuTW9kZWxCYWNrZW5kIiwiX2F1dGhfdXNlcl9oYXNoIjoiOGEyMDUxY2NkNjlmNDY5YzdlOGNjYmYyOGY3NTYzMDBkOTE1NmRlZSIsIl9hdXRoX3VzZXJfaWQiOiI0MSJ9', '2018-11-24 08:12:03.041481'),
('rkwl9zd03z0806ce3oc4qhhzqz5yta14', 'NGQxYmQ5OGYyN2MzYjgxMDE3OGYyODBiODVkNDc1NzcwNmNhY2Y4ZDp7Il9hdXRoX3VzZXJfaWQiOiIxNjAiLCJfYXV0aF91c2VyX2JhY2tlbmQiOiJkamFuZ28uY29udHJpYi5hdXRoLmJhY2tlbmRzLk1vZGVsQmFja2VuZCIsIl9hdXRoX3VzZXJfaGFzaCI6ImE0NDkzMjgxYjFhOTNlNTM4MDFhMzNkM2NiM2ViNmVmOTdjMzk3NGEifQ==', '2018-11-25 16:29:08.162046'),
('ryd8kgfk9ts6izfii99cvjsnghloazu7', 'NzZkY2RlYzg2ZWQyZTM0MThkMGRkMTBjZjJlNGExZTFkYmI5YzM4Mzp7Il9hdXRoX3VzZXJfaWQiOiIxODIiLCJfYXV0aF91c2VyX2JhY2tlbmQiOiJkamFuZ28uY29udHJpYi5hdXRoLmJhY2tlbmRzLk1vZGVsQmFja2VuZCIsIl9hdXRoX3VzZXJfaGFzaCI6IjQ1M2VlMzg5NjNkYmM5ODU3NWY2NGU0YjUxYTNiYmQ5MzZkNGU3MDYifQ==', '2018-11-26 08:16:00.705902'),
('rz0408rm0ev9a3rijrk6totmxgb1tlhl', 'MDIzNTM4NTcyZDY1NjEyNzJkM2QzODk5Y2NiMjA3NzA0NzRkYWUzYjp7Il9hdXRoX3VzZXJfYmFja2VuZCI6ImRqYW5nby5jb250cmliLmF1dGguYmFja2VuZHMuTW9kZWxCYWNrZW5kIiwiX2F1dGhfdXNlcl9oYXNoIjoiNWY3NmFlODMwMTU2MzY5MjFiMDczNmQ3NGNjYWFkNjZkZTY4YjBkMSIsIl9hdXRoX3VzZXJfaWQiOiIyMiJ9', '2018-11-24 04:49:34.853046'),
('s2p4auhssxf6p3no2zuhlw20qioq8ga2', 'NDJiMzRlZmU2NzZlMzM2NzFhMDViZWRjOGY3OGRmMzI4NzQ0YTMwYjp7Il9hdXRoX3VzZXJfaWQiOiIxNTUiLCJfYXV0aF91c2VyX2JhY2tlbmQiOiJkamFuZ28uY29udHJpYi5hdXRoLmJhY2tlbmRzLk1vZGVsQmFja2VuZCIsIl9hdXRoX3VzZXJfaGFzaCI6IjcwMzY0ZTlmNDcxZWMxYmVkYmNhODcyYWYyZGM1YjdiM2UzOGNkNjQifQ==', '2018-11-25 15:33:43.520048'),
('scsu5raobcazkdi22vygbaqukjt8a7yb', 'ZDBiMjdiNWQyN2E4ZDQ4NzYxMWI4YTQyNjFiMjVhYWE4Y2ZiZmU3ODp7Il9hdXRoX3VzZXJfYmFja2VuZCI6ImRqYW5nby5jb250cmliLmF1dGguYmFja2VuZHMuTW9kZWxCYWNrZW5kIiwiX2F1dGhfdXNlcl9oYXNoIjoiNzI3NGJiNmYxZWIxN2E2MmVlNmEyN2U2NGU5Y2ZhMjBhMDUzNjFiYSIsIl9hdXRoX3VzZXJfaWQiOiIzMiJ9', '2018-11-24 07:38:54.847521'),
('slfdt91ijzmfde7x3xrn7gtbb2flp5et', 'ZDgxZmViOTQ4OTI2YTY5N2M4YjkzOGIxZDNmZTlhODI5ZTAzMjA2ODp7Il9hdXRoX3VzZXJfaWQiOiIxNTkiLCJfYXV0aF91c2VyX2JhY2tlbmQiOiJkamFuZ28uY29udHJpYi5hdXRoLmJhY2tlbmRzLk1vZGVsQmFja2VuZCIsIl9hdXRoX3VzZXJfaGFzaCI6ImIxMTdmNjJjOGNmYzA2MDkxNzY4OTlmY2U0NDNmZTdhZDAzOTI1OGUifQ==', '2018-11-25 15:55:53.820423'),
('smxs94e92jke3ihodbo2ucxlgnoqwhn5', 'ODM0NzljNGM2N2YzYWY2Mzg1OTE2OWEwYjQ2YmJmMTNiNGMxMTQyMjp7Il9hdXRoX3VzZXJfaWQiOiIxNzAiLCJfYXV0aF91c2VyX2JhY2tlbmQiOiJkamFuZ28uY29udHJpYi5hdXRoLmJhY2tlbmRzLk1vZGVsQmFja2VuZCIsIl9hdXRoX3VzZXJfaGFzaCI6IjVlODJlMThkODRjMjFlYTQ2NWE4MmJhOTkwNjBkNTExN2E5NzBiNWMifQ==', '2018-11-26 03:11:25.586389'),
('st678p7dc84u45zt9n9dbn72kkavje9x', 'MTkwMGRjNTJmYTliZjJkYTMwNDE0NGJkMjk2OTZiYjg0MWJhMmVlOTp7Il9hdXRoX3VzZXJfYmFja2VuZCI6ImRqYW5nby5jb250cmliLmF1dGguYmFja2VuZHMuTW9kZWxCYWNrZW5kIiwiX2F1dGhfdXNlcl9oYXNoIjoiYjc5YTQ4MjczNWUxMzgzMzgzODlhMjg5OWZlOWQ2MDIyNzZkNzBiYiIsIl9hdXRoX3VzZXJfaWQiOiIxMzMifQ==', '2018-11-25 07:24:31.337430'),
('suoex0fplwvch6iykavai9ejp44mc3an', 'ODY5ODRmYmQ5MzljMTM4ZTQ4NDM1YTM3YTQwMTdkMTFlYzA3N2JkNzp7Il9hdXRoX3VzZXJfYmFja2VuZCI6ImRqYW5nby5jb250cmliLmF1dGguYmFja2VuZHMuTW9kZWxCYWNrZW5kIiwiX2F1dGhfdXNlcl9pZCI6IjE5MCIsIl9hdXRoX3VzZXJfaGFzaCI6IjVhYjM1MzRkYjA4ODk0YmZmOTE5ZGJlNmNlNjk3YjY0ZTczY2Q1NTQifQ==', '2018-11-26 14:51:28.507420'),
('svfpvygz95oohlsyaeaslt63vaebbnpt', 'YzQ2NDUxNDA2YWQ1ZWNhY2U3N2EzMTU3NTBiZWM2NDdlOWMwOGI4ODp7Il9hdXRoX3VzZXJfaWQiOiIxMzciLCJfYXV0aF91c2VyX2JhY2tlbmQiOiJkamFuZ28uY29udHJpYi5hdXRoLmJhY2tlbmRzLk1vZGVsQmFja2VuZCIsIl9hdXRoX3VzZXJfaGFzaCI6ImQyM2MwNGQzZGU0OTc4OTQ1NWZiMWJkMzA4N2FmYjgwNWFiOTI0NWMifQ==', '2018-11-25 08:31:57.252292'),
('swk2cqkcxrrw71ln897tk8603g1q9oi3', 'MjkzYWNhM2E4ODA5NGM2NTJkOWY5MWRkMTM0NzQyNTQyNGVjY2NmMzp7Il9hdXRoX3VzZXJfYmFja2VuZCI6ImRqYW5nby5jb250cmliLmF1dGguYmFja2VuZHMuTW9kZWxCYWNrZW5kIiwiX2F1dGhfdXNlcl9oYXNoIjoiY2YyYjNkZGM1YTk3NDA4YTg5NGM1NDg5MWYwNjIwOGVmYjNjY2ZmMiIsIl9hdXRoX3VzZXJfaWQiOiI5NiJ9', '2018-11-24 14:59:34.464213'),
('t51w29ajp0ynsvtc2wvyh694ahaq0rof', 'ZmRhYWNiMmFkYjFkOGM2ZTFlYjI5NDY0NDc3YjQ1YjJkMDlkZjVjNDp7Il9hdXRoX3VzZXJfaWQiOiIxNjUiLCJfYXV0aF91c2VyX2JhY2tlbmQiOiJkamFuZ28uY29udHJpYi5hdXRoLmJhY2tlbmRzLk1vZGVsQmFja2VuZCIsIl9hdXRoX3VzZXJfaGFzaCI6ImEyZDFkYzAyYmYwNmY2NjU2OWMwNDcwYjg3ZDliNDk1ZWRjNjBhNjMifQ==', '2018-11-25 17:31:50.942867'),
('tg4tf4dbe3sc3e8ge8zkx3vugzcs4t51', 'ZTUwZjRhZWQ4NTA1ZDNhNTk3NjBkNmJkMTk3OWU4ZDc2OGQwZTcwNTp7Il9hdXRoX3VzZXJfYmFja2VuZCI6ImRqYW5nby5jb250cmliLmF1dGguYmFja2VuZHMuTW9kZWxCYWNrZW5kIiwiX2F1dGhfdXNlcl9oYXNoIjoiMTQ1MjQ0NjE0OTQ0NTcxMzE3ZDFlMWQyMjkyMmRiZWU3OTQ4NTA5OCIsIl9hdXRoX3VzZXJfaWQiOiI1MSJ9', '2018-11-24 08:56:52.977697'),
('tglh0zwofbm4zeych4av7sywgwscdauq', 'NjllNWQyMGM1NDBhY2YwN2E4Y2IwNTU0ODQ2YjBmZDQ1Y2E2NmQwZDp7Il9hdXRoX3VzZXJfYmFja2VuZCI6ImRqYW5nby5jb250cmliLmF1dGguYmFja2VuZHMuTW9kZWxCYWNrZW5kIiwiX2F1dGhfdXNlcl9pZCI6IjE0NSIsIl9hdXRoX3VzZXJfaGFzaCI6IjdkNzk5N2M4M2QzMjYxYmNhZjU0MmI0ZGY2MDgzZTgyY2RhY2I2MzgifQ==', '2018-11-25 11:34:45.613245'),
('tlev451ymv66hin3w9t4ysi1wwnxgm6c', 'ZjM4NmIwZjRhZmNiMTA4MjhmZThjZmUzYTNlZTUyZWFjMzkxM2YyNTp7Il9hdXRoX3VzZXJfaWQiOiIxODgiLCJfYXV0aF91c2VyX2JhY2tlbmQiOiJkamFuZ28uY29udHJpYi5hdXRoLmJhY2tlbmRzLk1vZGVsQmFja2VuZCIsIl9hdXRoX3VzZXJfaGFzaCI6IjA2NDU0ZGI5ZWVhY2FlNGFmOTJjODFiZmMxZTExNGM2ODM3M2IyNjMifQ==', '2018-11-26 12:01:09.282007'),
('tyvqzfcxrfys6rhw8p8bz7vmyx49nsfp', 'YmE2Zjg3NzAyMjEwZTY1ODk2NjI1NjViY2JjNjkwNmE0ZTg3YWUyNDp7Il9hdXRoX3VzZXJfYmFja2VuZCI6ImRqYW5nby5jb250cmliLmF1dGguYmFja2VuZHMuTW9kZWxCYWNrZW5kIiwiX2F1dGhfdXNlcl9oYXNoIjoiODQyZmEyNjYyYmU4ZGMyNzUxMjhiMWI0Yjk1NmYxYWJjOWFjODNlNSIsIl9hdXRoX3VzZXJfaWQiOiIxMTIifQ==', '2018-11-24 18:09:07.282161'),
('ucg5gjafhhdgi8e8s9ugvf36mr6u3li2', 'NzBiOWQ3ZjU1YjJjNjViODVkZWQ5NDhkMDJkYTNmYzE2ZTZlNzkyYzp7Il9hdXRoX3VzZXJfYmFja2VuZCI6ImRqYW5nby5jb250cmliLmF1dGguYmFja2VuZHMuTW9kZWxCYWNrZW5kIiwiX2F1dGhfdXNlcl9oYXNoIjoiN2M5ZGZjMmZkYzIwOGUzMDFkYzlkOGNlODI0MzZlZDAyNTAzZWVhZiIsIl9hdXRoX3VzZXJfaWQiOiI0NCJ9', '2018-11-24 08:29:15.002283'),
('ufjdts2idmddc5345wnoc0m9ps4ifiek', 'ZWZkZmI5Njk4NTc4M2RiMTczZTE4M2VlNWFlOWJiZTVkZDM0OWMxMzp7Il9hdXRoX3VzZXJfYmFja2VuZCI6ImRqYW5nby5jb250cmliLmF1dGguYmFja2VuZHMuTW9kZWxCYWNrZW5kIiwiX2F1dGhfdXNlcl9pZCI6IjE0OSIsIl9hdXRoX3VzZXJfaGFzaCI6ImU0YmRjYWNjZWUxNzIwMGY5ZTAwODJjMGQwYWU5ZWM4NTFmMmNiNWYifQ==', '2018-11-25 12:53:48.264051'),
('uoh6v5br1635qah199ay6d29935x25sc', 'NDEyMGVjNmMyYTliOTY1MzY3ODdlYWM2MWQyMTdmMzNlOTM1NDYyMDp7Il9hdXRoX3VzZXJfaWQiOiIxNjQiLCJfYXV0aF91c2VyX2JhY2tlbmQiOiJkamFuZ28uY29udHJpYi5hdXRoLmJhY2tlbmRzLk1vZGVsQmFja2VuZCIsIl9hdXRoX3VzZXJfaGFzaCI6ImI1MDQyYWYwZjFmZjlmNDM0M2UzNDNhZGE5NTllZjFiZjg1NWU1NTIifQ==', '2018-11-25 17:22:13.954901'),
('uypwoh1vlrkbiqinu6q71onnigisv66y', 'ZjBmNzUwYWRhMjc4Yjc4Y2M1MDBkNGIxNjQyMTkwNmZmMDBhOWI3ZDp7Il9hdXRoX3VzZXJfYmFja2VuZCI6ImRqYW5nby5jb250cmliLmF1dGguYmFja2VuZHMuTW9kZWxCYWNrZW5kIiwiX2F1dGhfdXNlcl9pZCI6IjE0NyIsIl9hdXRoX3VzZXJfaGFzaCI6ImNiMjVhNWRjNjgxZDY2NmYzMTJhN2JkMGU5MGNlMmI4NTg0N2U4YTEifQ==', '2018-11-25 12:26:23.475225'),
('v9ikcev9cj2iqj8s9v6rd35ar95z6ybx', 'MWNmNDc2MzJjNjg3YzdmOGNiZTM5Nzk5Mjc2YzNlZGQ5NGU5N2I1MTp7Il9hdXRoX3VzZXJfYmFja2VuZCI6ImRqYW5nby5jb250cmliLmF1dGguYmFja2VuZHMuTW9kZWxCYWNrZW5kIiwiX2F1dGhfdXNlcl9oYXNoIjoiOGFkZWI2NDBmZjZmOWZkMjYxNzY3YjZiMTlhMWVhYjcwZGZhMzNhYSIsIl9hdXRoX3VzZXJfaWQiOiI5NyJ9', '2018-11-24 15:08:52.803046');
INSERT INTO `django_session` (`session_key`, `session_data`, `expire_date`) VALUES
('vbortl8qvtmz5eyersb4edjypwxbjbhx', 'OTAyNzY5ZjdkYWYxMmQ1OGYzMmRjNzUxNmM2NzRkNzRlZmQzNDUyZDp7Il9hdXRoX3VzZXJfYmFja2VuZCI6ImRqYW5nby5jb250cmliLmF1dGguYmFja2VuZHMuTW9kZWxCYWNrZW5kIiwiX2F1dGhfdXNlcl9oYXNoIjoiYjk0YWEzMmMyMTg2NmU1NjVhM2I1NWU0Yjc4MTliYTIwMzEyMjc2MiIsIl9hdXRoX3VzZXJfaWQiOiIxMjUifQ==', '2018-11-25 06:41:17.393044'),
('vc0ecltnd5xb6pyd1jz3ashmc4w8hsil', 'Y2FhYTJjNzA1YmUwMGY3NTRjNTQ5OTg4NGZjZDU0ZTZmNDk2MGNlODp7Il9hdXRoX3VzZXJfYmFja2VuZCI6ImRqYW5nby5jb250cmliLmF1dGguYmFja2VuZHMuTW9kZWxCYWNrZW5kIiwiX2F1dGhfdXNlcl9oYXNoIjoiMjYxZWU4MDQzNjhmM2FlYzM0MzUzNTIzYzMxNjc5MTgxNWRiNGQwMiIsIl9hdXRoX3VzZXJfaWQiOiI4MiJ9', '2018-11-24 12:58:22.659801'),
('vcriv05v8hnyth0hitqh6b9g3hc4cfiz', 'NTNhNmI3NzcwMDUxZTRmNzZkMWVlNzc3NDlkNDgxNTk3NmZmNjRhODp7Il9hdXRoX3VzZXJfYmFja2VuZCI6ImRqYW5nby5jb250cmliLmF1dGguYmFja2VuZHMuTW9kZWxCYWNrZW5kIiwiX2F1dGhfdXNlcl9oYXNoIjoiMTdlYTQ0NzdjMDdkODhhMmEzODNlZmY1NzEzMmNmNjUxMzE5ZmQ5YiIsIl9hdXRoX3VzZXJfaWQiOiI5OCJ9', '2018-11-24 15:17:46.805246'),
('vkl05n34l7eeabuvzbiutqtezb9happp', 'MmUwMTA2NTk3ZmQ0MGJiY2FhOTc4YzRmMGVjN2QyMjZlNzYwMmVkYzp7Il9hdXRoX3VzZXJfaWQiOiI0IiwiX2F1dGhfdXNlcl9iYWNrZW5kIjoiZGphbmdvLmNvbnRyaWIuYXV0aC5iYWNrZW5kcy5Nb2RlbEJhY2tlbmQiLCJfYXV0aF91c2VyX2hhc2giOiJhNWZlOTRhNzc0YmZmZDg1N2QxZGMzNzk4Zjg5MGMyODgxZGQ1ZDM2In0=', '2018-11-24 11:13:16.090126'),
('vl3dfnpezhrzex4kuhv49aa84144976n', 'OTViMTM0N2ZjNWZkOTQ5MDM0MDYzOTM4ZGU0OTY4ZWM0ZDcxZDNkNDp7Il9hdXRoX3VzZXJfaWQiOiIxNzIiLCJfYXV0aF91c2VyX2JhY2tlbmQiOiJkamFuZ28uY29udHJpYi5hdXRoLmJhY2tlbmRzLk1vZGVsQmFja2VuZCIsIl9hdXRoX3VzZXJfaGFzaCI6ImUwOWZlYzZlNGMwMTlkYTQzMWRhNTBkZGNlMDExZTFmYjYwZWVlYTkifQ==', '2018-11-26 05:08:05.676901'),
('vlzizp3t9t5330jcejrbd3zeao7swxip', 'MWYzODQxMDMxMzA1N2U1MDc4MmIyYzA4YzUxNTE1MzM0MTM1Njc1ZDp7Il9hdXRoX3VzZXJfaWQiOiIxNjgiLCJfYXV0aF91c2VyX2JhY2tlbmQiOiJkamFuZ28uY29udHJpYi5hdXRoLmJhY2tlbmRzLk1vZGVsQmFja2VuZCIsIl9hdXRoX3VzZXJfaGFzaCI6ImI0NTVlOTBjN2FlMTdjZmU3MjQzNzNlYTQxNWNhY2E1NDQ2Mjk3MzAifQ==', '2018-11-25 20:52:30.912178'),
('vqz6942o5qksseuwqw7oyra7eljr8gb2', 'NDQ0ZTQ3YzFhNWQwNjM1MWI1NjM4YjVmYjhhODY3MDJkOTk0NDY3MDp7Il9hdXRoX3VzZXJfaWQiOiIyMSIsIl9hdXRoX3VzZXJfYmFja2VuZCI6ImRqYW5nby5jb250cmliLmF1dGguYmFja2VuZHMuTW9kZWxCYWNrZW5kIiwiX2F1dGhfdXNlcl9oYXNoIjoiYWIzMmEzYWVkNWZjMDAxOTAzMWYwMGRiYWU3NzgyY2I3NWFmYTVhMCJ9', '2018-11-26 11:53:38.067333'),
('vur5ysq5bid8cbe0s4uwgrziq2n0cmet', 'ZmJmZDc0YTdkYWI4NGU4NDgxNGQwNjYyM2IwYWYyNWZlYjE2NzhkZjp7Il9hdXRoX3VzZXJfaWQiOiIxNjYiLCJfYXV0aF91c2VyX2JhY2tlbmQiOiJkamFuZ28uY29udHJpYi5hdXRoLmJhY2tlbmRzLk1vZGVsQmFja2VuZCIsIl9hdXRoX3VzZXJfaGFzaCI6ImVlNDgyMDIzMTlhZjIzYzgyMTg5NzBhODUyNDUzYTNhYzM3MGZlMmMifQ==', '2018-11-25 20:04:01.965010'),
('vxd973wubnginny5rx788n0fy0cndci7', 'MWRkYjUzN2Y4OWViOTRmNjEzNGEyNTYyMDNmYjc5OTIwMTljYTRiNTp7Il9hdXRoX3VzZXJfaWQiOiIxNjEiLCJfYXV0aF91c2VyX2JhY2tlbmQiOiJkamFuZ28uY29udHJpYi5hdXRoLmJhY2tlbmRzLk1vZGVsQmFja2VuZCIsIl9hdXRoX3VzZXJfaGFzaCI6IjlmNGI3ODc1NmU4Y2RhOTFjNzUzODg3YWZkMzQ5NmEzMTRjMzg5NmQifQ==', '2018-11-25 16:30:35.037914'),
('vztvbrql3i4x80eupdoa41h0o15ziho3', 'NjI1OTQ3NjI0ZGVlNjA1OGNhMzdkNTExMzIzNzZhMmY5ZjllMmIzZDp7Il9hdXRoX3VzZXJfaWQiOiIxMzgiLCJfYXV0aF91c2VyX2JhY2tlbmQiOiJkamFuZ28uY29udHJpYi5hdXRoLmJhY2tlbmRzLk1vZGVsQmFja2VuZCIsIl9hdXRoX3VzZXJfaGFzaCI6ImM0NjY1NWEyNjA2YzVmMmE0M2IwMGIyYjgzNjc0MzQ3NTk4ZWU3MjQifQ==', '2018-11-25 08:31:59.088922'),
('wwtgzid9ugk8bsqeh34hp6ep5uga8c37', 'YWFlNDc2YzJmMjhlNTIzNjA4MTQxMzdhZTMxZTczMTk3NzMyZTQ3Mzp7Il9hdXRoX3VzZXJfYmFja2VuZCI6ImRqYW5nby5jb250cmliLmF1dGguYmFja2VuZHMuTW9kZWxCYWNrZW5kIiwiX2F1dGhfdXNlcl9oYXNoIjoiNzRhYTRjNTZiYTVjZTlhYTQzOWQyNjA0NjE2Nzg1YTdhNzFlOGI4NyIsIl9hdXRoX3VzZXJfaWQiOiI0NSJ9', '2018-11-24 08:33:21.856148'),
('x08pz0r95teswfiadzurn614bzlv8hzs', 'OTllOGM4NTZkMmFkNTI1ZGZmNGUxNTMwY2EzZWZhNDVlMTgzZTJkMjp7Il9hdXRoX3VzZXJfaWQiOiIxNzMiLCJfYXV0aF91c2VyX2JhY2tlbmQiOiJkamFuZ28uY29udHJpYi5hdXRoLmJhY2tlbmRzLk1vZGVsQmFja2VuZCIsIl9hdXRoX3VzZXJfaGFzaCI6IjI3OGI3N2NlNTBiYzM2YTJhNjhiYWVjZmM4OWM1YjQ2OGVjNjA0NTYifQ==', '2018-11-26 05:08:13.632832'),
('x6s1xeuzudtx6wzijqso9khn0hdy1je6', 'OGJlN2UyZDAwYTY5YTgxN2QyY2Y2ZGI1MjRiZDRjZGYxOTc1YzdmYjp7Il9hdXRoX3VzZXJfYmFja2VuZCI6ImRqYW5nby5jb250cmliLmF1dGguYmFja2VuZHMuTW9kZWxCYWNrZW5kIiwiX2F1dGhfdXNlcl9oYXNoIjoiOWY5NDM5Mzg1NTM3OTA4MGIwOGRkZDdmMDNhYTliNTcwZWFiZGVjZSIsIl9hdXRoX3VzZXJfaWQiOiI2NCJ9', '2018-11-24 09:53:56.650523'),
('xg1x79kvr43m8z1u2b721zexcwmxd4mg', 'ZTkzYzM2YjY0N2MwODZkNzYzN2U3YWU0M2E0NjAxZjdkZTVlZDcxODp7Il9hdXRoX3VzZXJfYmFja2VuZCI6ImRqYW5nby5jb250cmliLmF1dGguYmFja2VuZHMuTW9kZWxCYWNrZW5kIiwiX2F1dGhfdXNlcl9oYXNoIjoiOGI0OWZjNWE3OTdiZmIzODY1NjkxMDFhYmFmOTViNzg2MmU3YTE5MSIsIl9hdXRoX3VzZXJfaWQiOiI2NiJ9', '2018-11-24 10:43:43.967303'),
('xlhy1mgvh5mpkuvry9zu0exsul1957bc', 'MDU2ODllZWRlYWI4YTQzNThmZDRhMDc0MGIxYmU3MTRjMjhhNTM2NDp7Il9hdXRoX3VzZXJfaWQiOiIxNzEiLCJfYXV0aF91c2VyX2JhY2tlbmQiOiJkamFuZ28uY29udHJpYi5hdXRoLmJhY2tlbmRzLk1vZGVsQmFja2VuZCIsIl9hdXRoX3VzZXJfaGFzaCI6IjlkNWFiMjFjYjZlMGRkODZkYzQ2NDgzNGE4NGQzMDQwNzM4ZWZhODMifQ==', '2018-11-26 04:18:11.293243'),
('xn246z9bjf5digafet0975gyl3ajipp2', 'MjM5NTU4MTZhMmYyY2JhZWViYzhjNTExOGQwZjMwOTVlZWVjMmVhYTp7Il9hdXRoX3VzZXJfYmFja2VuZCI6ImRqYW5nby5jb250cmliLmF1dGguYmFja2VuZHMuTW9kZWxCYWNrZW5kIiwiX2F1dGhfdXNlcl9oYXNoIjoiZmExYTFjOTlhNmFkYWZlMDExYTM0YTZlMjUwZTZmMDk2YmViNzc5YiIsIl9hdXRoX3VzZXJfaWQiOiIxMDIifQ==', '2018-11-24 15:33:27.129976'),
('xnyxw6mazi2hrgzmcjidsozamlsyls6c', 'ZTBlMTViZGY1ZjIwODA5Y2JjMWM3MjNmMWJjMzQ5ZjdjMzExOTViNjp7Il9hdXRoX3VzZXJfYmFja2VuZCI6ImRqYW5nby5jb250cmliLmF1dGguYmFja2VuZHMuTW9kZWxCYWNrZW5kIiwiX2F1dGhfdXNlcl9oYXNoIjoiYjZmOTQ0NTZjYjIxMmM3ZWUxMWNiZWM4Y2ZjOWEyYTE5N2UyYzNjMSIsIl9hdXRoX3VzZXJfaWQiOiIxMTgifQ==', '2018-11-24 21:15:04.802736'),
('xpv3i4im6pp49x6ti6zj2vgxxs3i739g', 'NDJkZmE5NTdiNGU3YTUwYmZlMDNiNzlhMDgxYTQ1MWIxOWU4OWZjZjp7Il9hdXRoX3VzZXJfYmFja2VuZCI6ImRqYW5nby5jb250cmliLmF1dGguYmFja2VuZHMuTW9kZWxCYWNrZW5kIiwiX2F1dGhfdXNlcl9pZCI6IjE1MCIsIl9hdXRoX3VzZXJfaGFzaCI6IjlmOTU0OTBkYWI3ZjQ5YWM0ZjBiOTY0YjZlOTU5YjVlMDA1ZWY3OWUifQ==', '2018-11-25 12:54:37.292456'),
('y0sobecfw3vrkt99ts35e7l2arguxiz8', 'YWVjY2M4ZTBjODUyYWU5ZjcyMDU2ZGJiMTUzOTU0OTE2MzAwNGNjZjp7Il9hdXRoX3VzZXJfYmFja2VuZCI6ImRqYW5nby5jb250cmliLmF1dGguYmFja2VuZHMuTW9kZWxCYWNrZW5kIiwiX2F1dGhfdXNlcl9oYXNoIjoiZWFkNjA2MjcwMTZlZDUwY2NlNjA3NzczOGZhMTg5NDM4NzA0MTBiMSIsIl9hdXRoX3VzZXJfaWQiOiI3NCJ9', '2018-11-24 12:26:59.742044'),
('ygktzzgvxa19mk5gk6fxoboq782ef9nj', 'NzE0MTY3YmU0OWU2N2RjMDk4MzIxNTUwMTljOTE0MmFlMjlkYWZmOTp7Il9hdXRoX3VzZXJfYmFja2VuZCI6ImRqYW5nby5jb250cmliLmF1dGguYmFja2VuZHMuTW9kZWxCYWNrZW5kIiwiX2F1dGhfdXNlcl9oYXNoIjoiZWY5NjEwMjk2ZGFlNjkxMDZjZGM4NTdhMjQ3YjJhNzRhNjI0ODdiMCIsIl9hdXRoX3VzZXJfaWQiOiIxMjQifQ==', '2018-11-25 06:28:37.272107'),
('yl5hcvpikvqlriaa914mt9ujft319zsl', 'Y2Q4MTIwNjYwYzNmYmQxMzI5MDM3ODU2MzE1M2MzMzUzNTU3MjU5ZTp7Il9hdXRoX3VzZXJfYmFja2VuZCI6ImRqYW5nby5jb250cmliLmF1dGguYmFja2VuZHMuTW9kZWxCYWNrZW5kIiwiX2F1dGhfdXNlcl9pZCI6IjE0NCIsIl9hdXRoX3VzZXJfaGFzaCI6IjdlMjQ3OWMxMjI5ZTllOWE4ZmJiNWNiODg1MWRiYzk2NGZjNDQ4ZTQifQ==', '2018-11-25 11:11:54.400654'),
('ywwpuhp307iyd88jim9nfiyx8nafjr9v', 'OWQzYmE4YWJlZTAxZDIxY2RlNWFlOTgzMDMxMDFkN2I4NDFhM2MwYjp7Il9hdXRoX3VzZXJfYmFja2VuZCI6ImRqYW5nby5jb250cmliLmF1dGguYmFja2VuZHMuTW9kZWxCYWNrZW5kIiwiX2F1dGhfdXNlcl9oYXNoIjoiZGUwOGMyNGZmNjBmMmVmMDQxZmZlMDI4NDc0NTM2ZWM5NWEzNTQ4NyIsIl9hdXRoX3VzZXJfaWQiOiI1MyJ9', '2018-11-24 08:58:50.103627'),
('zphag8kpuxy0owq1iywd9xupz4lpzawx', 'MmUzOWQ0Y2RiNTNkM2I0NTk2OGJmOTVkOGVmMGY4NmMwYzNiYTEwYzp7Il9hdXRoX3VzZXJfYmFja2VuZCI6ImRqYW5nby5jb250cmliLmF1dGguYmFja2VuZHMuTW9kZWxCYWNrZW5kIiwiX2F1dGhfdXNlcl9pZCI6IjE0MCIsIl9hdXRoX3VzZXJfaGFzaCI6ImZiODc1MjE0NDQxZDc4ZDliNWNiYTZjMTBiZTFiOGMwMTdkZWJlZTMifQ==', '2018-11-25 08:48:54.625319'),
('zpkjg9tp5wdxgu5esdb7n5q8cmum0t34', 'MzRmYTBiMjg4MzVhNmIwYzgxY2UzZDk0MDgwM2Y1ZDllOGExZTM1ZDp7Il9hdXRoX3VzZXJfaWQiOiIxODAiLCJfYXV0aF91c2VyX2JhY2tlbmQiOiJkamFuZ28uY29udHJpYi5hdXRoLmJhY2tlbmRzLk1vZGVsQmFja2VuZCIsIl9hdXRoX3VzZXJfaGFzaCI6ImRmOTcwN2MzYWMwZmMzZTJjZjU2MjczMTFmZmNiNWQyMjU2YWZkZWQifQ==', '2018-11-26 08:11:27.129845');

-- --------------------------------------------------------

--
-- Table structure for table `events`
--

CREATE TABLE `events` (
  `Id` int(100) NOT NULL,
  `dep_id` int(100) NOT NULL,
  `event name` varchar(255) NOT NULL
) ENGINE=InnoDB DEFAULT CHARSET=latin1;

--
-- Dumping data for table `events`
--

INSERT INTO `events` (`Id`, `dep_id`, `event name`) VALUES
(101, 2, 'Circuit Design & Power Relay'),
(102, 2, 'Design 4 Energy'),
(103, 2, 'KIIT-IEEE Workshop'),
(104, 2, 'Robot Triathlon'),
(105, 2, 'Smart Ways Of\r\nElectrical Application'),
(106, 2, 'Solar\r\nSpectrum'),
(107, 2, 'Trivia'),
(201, 3, 'Cell-Lock\r\nHolmes'),
(202, 3, 'Chitra-a-ghar'),
(203, 3, 'Hackathon 5.0'),
(204, 3, 'Jugaad Out of\r\nKabaad'),
(205, 3, 'PainTerrific'),
(206, 3, 'Pixeloscope'),
(207, 3, 'Shabd-War'),
(208, 3, 'Illustory'),
(301, 4, 'Business\r\nSimulation'),
(302, 4, 'Dalal\r\nStreet'),
(303, 4, 'Dare To\r\nFace'),
(304, 4, 'Ikadhikaar'),
(305, 4, 'Milk Run'),
(306, 4, 'Synergy\r\nKonflictus 5.0'),
(401, 5, 'Brainotracking'),
(402, 5, 'Hackathon'),
(403, 5, 'Matricity'),
(404, 5, 'Minute-to-Win-it'),
(405, 5, 'Scavenger-Hunt'),
(406, 5, 'Tech-Builder\r\nKonflictus 5.0\r\n'),
(501, 6, 'Braille Coding'),
(502, 6, 'Bring Back To\r\nLife'),
(503, 6, 'Human Snake and\r\nLadder'),
(504, 6, 'Turncoat\r\n'),
(601, 7, 'Burj-Al-Paper'),
(602, 7, 'CAD-NOVUS'),
(603, 7, 'Civi Kalakaar'),
(604, 7, 'Cryptic\r\nCrossword'),
(605, 7, 'Final\r\nDestination'),
(606, 7, 'Frame-D-Bridge'),
(607, 7, 'Model-It'),
(608, 7, 'Twister\r\nCoaster'),
(701, 8, 'Scavenger\'s\r\nQuest'),
(702, 8, 'Innovation\r\nChallenge\r\n'),
(703, 8, 'The Salvage\r\nYard'),
(704, 8, 'Seguidor'),
(705, 8, 'Roadrunner'),
(706, 8, 'Mirror\r\nMaze\r\n'),
(707, 8, 'RoboWar\r\n'),
(708, 8, 'Kivi'),
(801, 9, 'AeroRace'),
(802, 9, 'Architecture of\r\nDestruction'),
(803, 9, 'DRONE-ACHARYA'),
(804, 9, 'EDCAD'),
(805, 9, 'HydroBooster'),
(806, 9, 'Mech k Tech\r\nStars'),
(807, 9, 'Sunder Master');

-- --------------------------------------------------------

--
-- Table structure for table `events_event`
--

CREATE TABLE `events_event` (
  `id` int(11) NOT NULL,
  `name` varchar(100) NOT NULL,
  `description` longtext,
  `from_time` datetime(6) NOT NULL,
  `to_time` datetime(6) NOT NULL,
  `max_participants` int(11) NOT NULL,
  `min_participants` int(11) NOT NULL,
  `rules` longtext NOT NULL,
  `poc` varchar(12) NOT NULL,
  `created_at` datetime(6) NOT NULL,
  `updated_at` datetime(6) NOT NULL,
  `school_id` int(11) NOT NULL,
  `prize` text
) ENGINE=InnoDB DEFAULT CHARSET=utf8mb4;

-- --------------------------------------------------------

--
-- Table structure for table `participants_participant`
--

CREATE TABLE `participants_participant` (
  `id` int(11) NOT NULL,
  `unique_id` char(32) NOT NULL,
  `kf_id` varchar(10) DEFAULT NULL,
  `name` varchar(120) NOT NULL,
  `email` varchar(254) NOT NULL,
  `phone` varchar(15) NOT NULL,
  `dob` date NOT NULL,
  `gender` varchar(15) NOT NULL,
  `institution` text NOT NULL,
  `roll_no` varchar(15) NOT NULL,
  `verified` tinyint(1) DEFAULT NULL,
  `user_id` int(11) DEFAULT NULL,
  `payment_complete` tinyint(1) DEFAULT NULL,
  `payment_id` varchar(100) DEFAULT NULL
) ENGINE=InnoDB DEFAULT CHARSET=utf8mb4;

--
-- Dumping data for table `participants_participant`
--

INSERT INTO `participants_participant` (`id`, `unique_id`, `kf_id`, `name`, `email`, `phone`, `dob`, `gender`, `institution`, `roll_no`, `verified`, `user_id`, `payment_complete`, `payment_id`) VALUES
(36, 'TBhsX7Hdxi0DTCdDPtfOxoVNK1fHR4', NULL, 'Suman Saurav', 'aman.flames@gmail.com', '8789766003', '1997-09-20', 'M', 'KIIT', '1606316', 1, NULL, NULL, NULL),
(37, 'UufIflkQTe0SqxBm7Z6aQrMOGRqZA2', 'KF50704', 'Somesh Bhandari', 'someshdps@gmail.com', '9937860014', '1998-09-14', 'M', 'KIIT', '1605405', 1, 62, NULL, NULL);

-- --------------------------------------------------------

--
-- Table structure for table `participants_participant_events`
--

CREATE TABLE `participants_participant_events` (
  `id` int(11) NOT NULL,
  `participant_id` varchar(11) NOT NULL,
  `event_id` int(11) NOT NULL
) ENGINE=InnoDB DEFAULT CHARSET=utf8mb4;

--
-- Dumping data for table `participants_participant_events`
--

INSERT INTO `participants_participant_events` (`id`, `participant_id`, `event_id`) VALUES
(8, 'KF50704', 102),
(3, 'KF50704', 103),
(2, 'KF50704', 104),
(6, 'KF50704', 201),
(7, 'KF50704', 202);

--
-- Indexes for dumped tables
--

--
-- Indexes for table `auth_group`
--
ALTER TABLE `auth_group`
  ADD PRIMARY KEY (`id`),
  ADD UNIQUE KEY `name` (`name`);

--
-- Indexes for table `auth_group_permissions`
--
ALTER TABLE `auth_group_permissions`
  ADD PRIMARY KEY (`id`),
  ADD UNIQUE KEY `auth_group_permissions_group_id_permission_id_0cd325b0_uniq` (`group_id`,`permission_id`),
  ADD KEY `auth_group_permissio_permission_id_84c5c92e_fk_auth_perm` (`permission_id`);

--
-- Indexes for table `auth_permission`
--
ALTER TABLE `auth_permission`
  ADD PRIMARY KEY (`id`),
  ADD UNIQUE KEY `auth_permission_content_type_id_codename_01ab375a_uniq` (`content_type_id`,`codename`);

--
-- Indexes for table `auth_user`
--
ALTER TABLE `auth_user`
  ADD PRIMARY KEY (`id`),
  ADD UNIQUE KEY `username` (`username`);

--
-- Indexes for table `auth_user_groups`
--
ALTER TABLE `auth_user_groups`
  ADD PRIMARY KEY (`id`),
  ADD UNIQUE KEY `auth_user_groups_user_id_group_id_94350c0c_uniq` (`user_id`,`group_id`),
  ADD KEY `auth_user_groups_group_id_97559544_fk_auth_group_id` (`group_id`);

--
-- Indexes for table `auth_user_user_permissions`
--
ALTER TABLE `auth_user_user_permissions`
  ADD PRIMARY KEY (`id`),
  ADD UNIQUE KEY `auth_user_user_permissions_user_id_permission_id_14a6b632_uniq` (`user_id`,`permission_id`),
  ADD KEY `auth_user_user_permi_permission_id_1fbb5f2c_fk_auth_perm` (`permission_id`);

--
-- Indexes for table `common_school`
--
ALTER TABLE `common_school`
  ADD PRIMARY KEY (`id`),
  ADD UNIQUE KEY `user_id` (`user_id`);

--
-- Indexes for table `django_admin_log`
--
ALTER TABLE `django_admin_log`
  ADD PRIMARY KEY (`id`),
  ADD KEY `django_admin_log_content_type_id_c4bce8eb_fk_django_co` (`content_type_id`),
  ADD KEY `django_admin_log_user_id_c564eba6_fk_auth_user_id` (`user_id`);

--
-- Indexes for table `django_content_type`
--
ALTER TABLE `django_content_type`
  ADD PRIMARY KEY (`id`),
  ADD UNIQUE KEY `django_content_type_app_label_model_76bd3d3b_uniq` (`app_label`,`model`);

--
-- Indexes for table `django_migrations`
--
ALTER TABLE `django_migrations`
  ADD PRIMARY KEY (`id`);

--
-- Indexes for table `django_session`
--
ALTER TABLE `django_session`
  ADD PRIMARY KEY (`session_key`),
  ADD KEY `django_session_expire_date_a5c62663` (`expire_date`);

--
-- Indexes for table `events`
--
ALTER TABLE `events`
  ADD PRIMARY KEY (`Id`),
  ADD UNIQUE KEY `event name` (`event name`),
  ADD KEY `dep_id` (`dep_id`) USING BTREE;

--
-- Indexes for table `events_event`
--
ALTER TABLE `events_event`
  ADD PRIMARY KEY (`id`),
  ADD KEY `events_event_school_id_dc9debbd_fk_common_school_id` (`school_id`);

--
-- Indexes for table `participants_participant`
--
ALTER TABLE `participants_participant`
  ADD PRIMARY KEY (`id`),
  ADD UNIQUE KEY `unique_id` (`unique_id`),
  ADD UNIQUE KEY `user_id` (`user_id`),
  ADD UNIQUE KEY `kf_id` (`kf_id`);

--
-- Indexes for table `participants_participant_events`
--
ALTER TABLE `participants_participant_events`
  ADD PRIMARY KEY (`id`),
  ADD UNIQUE KEY `participants_participant_participant_id_event_id_9ebc6399_uniq` (`participant_id`,`event_id`),
  ADD KEY `participants_partici_event_id_743cb807_fk_events_ev` (`event_id`);

--
-- AUTO_INCREMENT for dumped tables
--

--
-- AUTO_INCREMENT for table `auth_group`
--
ALTER TABLE `auth_group`
  MODIFY `id` int(11) NOT NULL AUTO_INCREMENT, AUTO_INCREMENT=2;
--
-- AUTO_INCREMENT for table `auth_group_permissions`
--
ALTER TABLE `auth_group_permissions`
  MODIFY `id` int(11) NOT NULL AUTO_INCREMENT, AUTO_INCREMENT=6;
--
-- AUTO_INCREMENT for table `auth_permission`
--
ALTER TABLE `auth_permission`
  MODIFY `id` int(11) NOT NULL AUTO_INCREMENT, AUTO_INCREMENT=37;
--
-- AUTO_INCREMENT for table `auth_user`
--
ALTER TABLE `auth_user`
  MODIFY `id` int(11) NOT NULL AUTO_INCREMENT, AUTO_INCREMENT=63;
--
-- AUTO_INCREMENT for table `auth_user_groups`
--
ALTER TABLE `auth_user_groups`
  MODIFY `id` int(11) NOT NULL AUTO_INCREMENT, AUTO_INCREMENT=185;
--
-- AUTO_INCREMENT for table `auth_user_user_permissions`
--
ALTER TABLE `auth_user_user_permissions`
  MODIFY `id` int(11) NOT NULL AUTO_INCREMENT, AUTO_INCREMENT=73;
--
-- AUTO_INCREMENT for table `common_school`
--
ALTER TABLE `common_school`
  MODIFY `id` int(11) NOT NULL AUTO_INCREMENT, AUTO_INCREMENT=10;
--
-- AUTO_INCREMENT for table `django_admin_log`
--
ALTER TABLE `django_admin_log`
  MODIFY `id` int(11) NOT NULL AUTO_INCREMENT, AUTO_INCREMENT=33;
--
-- AUTO_INCREMENT for table `django_content_type`
--
ALTER TABLE `django_content_type`
  MODIFY `id` int(11) NOT NULL AUTO_INCREMENT, AUTO_INCREMENT=10;
--
-- AUTO_INCREMENT for table `django_migrations`
--
ALTER TABLE `django_migrations`
  MODIFY `id` int(11) NOT NULL AUTO_INCREMENT, AUTO_INCREMENT=21;
--
-- AUTO_INCREMENT for table `events_event`
--
ALTER TABLE `events_event`
  MODIFY `id` int(11) NOT NULL AUTO_INCREMENT;
--
-- AUTO_INCREMENT for table `participants_participant`
--
ALTER TABLE `participants_participant`
  MODIFY `id` int(11) NOT NULL AUTO_INCREMENT, AUTO_INCREMENT=38;
--
-- AUTO_INCREMENT for table `participants_participant_events`
--
ALTER TABLE `participants_participant_events`
  MODIFY `id` int(11) NOT NULL AUTO_INCREMENT, AUTO_INCREMENT=9;
--
-- Constraints for dumped tables
--

--
-- Constraints for table `auth_group_permissions`
--
ALTER TABLE `auth_group_permissions`
  ADD CONSTRAINT `auth_group_permissio_permission_id_84c5c92e_fk_auth_perm` FOREIGN KEY (`permission_id`) REFERENCES `auth_permission` (`id`),
  ADD CONSTRAINT `auth_group_permissions_group_id_b120cbf9_fk_auth_group_id` FOREIGN KEY (`group_id`) REFERENCES `auth_group` (`id`);

--
-- Constraints for table `auth_permission`
--
ALTER TABLE `auth_permission`
  ADD CONSTRAINT `auth_permission_content_type_id_2f476e4b_fk_django_co` FOREIGN KEY (`content_type_id`) REFERENCES `django_content_type` (`id`);

--
-- Constraints for table `events`
--
ALTER TABLE `events`
  ADD CONSTRAINT `events_ibfk_1` FOREIGN KEY (`dep_id`) REFERENCES `common_school` (`id`);

--
-- Constraints for table `participants_participant_events`
--
ALTER TABLE `participants_participant_events`
  ADD CONSTRAINT `participants_participant_events_ibfk_1` FOREIGN KEY (`event_id`) REFERENCES `events` (`Id`),
  ADD CONSTRAINT `participants_participant_events_ibfk_2` FOREIGN KEY (`participant_id`) REFERENCES `participants_participant` (`kf_id`);

/*!40101 SET CHARACTER_SET_CLIENT=@OLD_CHARACTER_SET_CLIENT */;
/*!40101 SET CHARACTER_SET_RESULTS=@OLD_CHARACTER_SET_RESULTS */;
/*!40101 SET COLLATION_CONNECTION=@OLD_COLLATION_CONNECTION */;
